No.,Tool,Exact Sitemap URL,LinkedIn Post,X.com Post,X Character Count,Mandatory + Relevant Hashtags,Image Text,Image Generation Prompt
1,EDI Tools & Business Transaction Suite,https://www.codepackr.com/edi-tools,"EDI Tools & Business Transaction Suite: one less developer task to handle manually.

Format, validate, convert, and inspect ANSI ASC X12 and EDIFACT EDI documents. Codepackr gives you a simple browser-based way to get the job done quickly, without adding another tool to your local setup.

Try it here: https://www.codepackr.com/edi-tools

#Codepackr #Developer #DevTools #EDI #B2B #SupplyChain #EDITools #Enterprise","EDI Tools & Business Transaction Suite: Format, validate, convert, and inspect ANSI ASC X12 and EDIFACT EDI documents. Try it free: https://www.codepackr.com/edi-tools #Codepackr #Developer #DevTools #EDI #B2B #SupplyChain #EDITools #Enterprise",244,#Codepackr #Developer #DevTools #EDI #B2B #SupplyChain #EDITools #Enterprise,"CODEPACKR.COM
EDI Tools & Business Transaction Suite
Format, validate, convert, and inspect ANSI ASC X12 and EDIFACT EDI documents
FREE TOOL
Runs in your browser","Create a square 1:1 social-media promotional graphic for Codepackr.com featuring EDI Tools & Business Transaction Suite. Use the attached Codepackr reference images only as branding inspiration, not as a copy. Dark modern developer-tool aesthetic, deep navy/black background, orange/yellow Codepackr accent, white clean typography, subtle visual elements related to EDI Tools & Business Transaction Suite, strong mobile readability, generous spacing, professional SaaS/developer-tool style. Include exactly these main text elements: CODEPACKR.COM, EDI Tools & Business Transaction Suite, Format, validate, convert, and inspect ANSI ASC X12 and EDIFACT EDI documents, FREE TOOL, Runs in your browser. Do not add hashtags, long paragraphs, fake statistics, fake UI, or unsupported claims. No spelling errors."
2,EDI Order Lifecycle Reconciliation,https://www.codepackr.com/edi-order-reconciliation,"EDI Order Lifecycle Reconciliation: one less developer task to handle manually.

Audit POs (850), Acks (855), ASNs (856), and Invoices (810) with automated 3-way matching. Codepackr gives you a simple browser-based way to get the job done quickly, without adding another tool to your local setup.

Try it here: https://www.codepackr.com/edi-order-reconciliation

#Codepackr #Developer #DevTools #EDI #SupplyChain #OrderToCash #Invoicing #B2BIntegration","EDI Order Lifecycle Reconciliation: Audit POs (850), Acks (855), ASNs (856), and Invoices (810) with automated 3-way matching. Try it free: https://www.codepackr.com/edi-order-reconciliation #Codepackr #Developer #DevTools #EDI #SupplyChain #OrderToCash #Invoicing #B2BIntegration",280,#Codepackr #Developer #DevTools #EDI #SupplyChain #OrderToCash #Invoicing #B2BIntegration,"CODEPACKR.COM
EDI Order Lifecycle Reconciliation
Audit POs (850), Acks (855), ASNs (856), and Invoices (810) with automated 3-way matching
FREE TOOL
Runs in your browser","Create a square 1:1 social-media promotional graphic for Codepackr.com featuring EDI Order Lifecycle Reconciliation. Use the attached Codepackr reference images only as branding inspiration, not as a copy. Dark modern developer-tool aesthetic, deep navy/black background, orange/yellow Codepackr accent, white clean typography, subtle visual elements related to EDI Order Lifecycle Reconciliation, strong mobile readability, generous spacing, professional SaaS/developer-tool style. Include exactly these main text elements: CODEPACKR.COM, EDI Order Lifecycle Reconciliation, Audit POs (850), Acks (855), ASNs (856), and Invoices (810) with automated 3-way matching, FREE TOOL, Runs in your browser. Do not add hashtags, long paragraphs, fake statistics, fake UI, or unsupported claims. No spelling errors."
3,EDI Order Lifecycle Reconciliation,https://www.codepackr.com/edi-lifecycle-reconciliation,"EDI Order Lifecycle Reconciliation: one less developer task to handle manually.

Audit POs (850), Acks (855), ASNs (856), and Invoices (810) with automated 3-way matching. Codepackr gives you a simple browser-based way to get the job done quickly, without adding another tool to your local setup.

Try it here: https://www.codepackr.com/edi-lifecycle-reconciliation

#Codepackr #Developer #DevTools #EDI #SupplyChain #OrderToCash #Invoicing #B2BIntegration","EDI Order Lifecycle Reconciliation: Audit POs (850), Acks (855), ASNs (856), and Invoices (810) with automated 3-way matching. Try it free: https://www.codepackr.com/edi-lifecycle-reconciliation #Codepackr #Developer #DevTools #EDI #SupplyChain #OrderToCash #Invoicing #B2BIntegration",284,#Codepackr #Developer #DevTools #EDI #SupplyChain #OrderToCash #Invoicing #B2BIntegration,"CODEPACKR.COM
EDI Order Lifecycle Reconciliation
Audit POs (850), Acks (855), ASNs (856), and Invoices (810) with automated 3-way matching
FREE TOOL
Runs in your browser","Create a square 1:1 social-media promotional graphic for Codepackr.com featuring EDI Order Lifecycle Reconciliation. Use the attached Codepackr reference images only as branding inspiration, not as a copy. Dark modern developer-tool aesthetic, deep navy/black background, orange/yellow Codepackr accent, white clean typography, subtle visual elements related to EDI Order Lifecycle Reconciliation, strong mobile readability, generous spacing, professional SaaS/developer-tool style. Include exactly these main text elements: CODEPACKR.COM, EDI Order Lifecycle Reconciliation, Audit POs (850), Acks (855), ASNs (856), and Invoices (810) with automated 3-way matching, FREE TOOL, Runs in your browser. Do not add hashtags, long paragraphs, fake statistics, fake UI, or unsupported claims. No spelling errors."
4,GS1 SSCC-18 Logistics Label Generator,https://www.codepackr.com/gs1-sscc-label-generator,"GS1 SSCC-18 Logistics Label Generator: one less developer task to handle manually.

Generate GS1-128 compliant pallet and carton shipping labels with SSCC-18 barcodes and Mod-10 check digits. Codepackr gives you a simple browser-based way to get the job done quickly, without adding another tool to your local setup.

Try it here: https://www.codepackr.com/gs1-sscc-label-generator

#Codepackr #Developer #DevTools #GS1 #SSCC18 #SupplyChain #Logistics #BarcodeGenerator",GS1 SSCC-18 Logistics Label Generator: Generate GS1-128 compliant pallet and carton shipping labels with SSCC-18 barcodes and Mod-10 check digits. Try it free: https://www.codepackr.com/gs1-sscc-label-generator #Codepackr #Developer #DevTools #GS1 #SSCC18 #SupplyChain #Logistics #BarcodeGenerator,297,#Codepackr #Developer #DevTools #GS1 #SSCC18 #SupplyChain #Logistics #BarcodeGenerator,"CODEPACKR.COM
GS1 SSCC-18 Logistics Label Generator
Generate GS1-128 compliant pallet and carton shipping labels with SSCC-18 barcodes and Mod-10 check digits
FREE TOOL
Runs in your browser","Create a square 1:1 social-media promotional graphic for Codepackr.com featuring GS1 SSCC-18 Logistics Label Generator. Use the attached Codepackr reference images only as branding inspiration, not as a copy. Dark modern developer-tool aesthetic, deep navy/black background, orange/yellow Codepackr accent, white clean typography, subtle visual elements related to GS1 SSCC-18 Logistics Label Generator, strong mobile readability, generous spacing, professional SaaS/developer-tool style. Include exactly these main text elements: CODEPACKR.COM, GS1 SSCC-18 Logistics Label Generator, Generate GS1-128 compliant pallet and carton shipping labels with SSCC-18 barcodes and Mod-10 check digits, FREE TOOL, Runs in your browser. Do not add hashtags, long paragraphs, fake statistics, fake UI, or unsupported claims. No spelling errors."
5,AS2 Message Suite & MDN Generator,https://www.codepackr.com/as2-tools,"AS2 Message Suite & MDN Generator: one less developer task to handle manually.

Encode, decode, parse MIME headers, calculate MICs, and generate AS2 MDN receipts. Codepackr gives you a simple browser-based way to get the job done quickly, without adding another tool to your local setup.

Try it here: https://www.codepackr.com/as2-tools

#Codepackr #Developer #DevTools #AS2 #EDI #CyberSecurity #MDN #B2BIntegration","AS2 Message Suite & MDN Generator: Encode, decode, parse MIME headers, calculate MICs, and generate AS2 MDN receipts. Try it free: https://www.codepackr.com/as2-tools #Codepackr #Developer #DevTools #AS2 #EDI #CyberSecurity #MDN #B2BIntegration",244,#Codepackr #Developer #DevTools #AS2 #EDI #CyberSecurity #MDN #B2BIntegration,"CODEPACKR.COM
AS2 Message Suite & MDN Generator
Encode, decode, parse MIME headers, calculate MICs, and generate AS2 MDN receipts
FREE TOOL
Runs in your browser","Create a square 1:1 social-media promotional graphic for Codepackr.com featuring AS2 Message Suite & MDN Generator. Use the attached Codepackr reference images only as branding inspiration, not as a copy. Dark modern developer-tool aesthetic, deep navy/black background, orange/yellow Codepackr accent, white clean typography, subtle visual elements related to AS2 Message Suite & MDN Generator, strong mobile readability, generous spacing, professional SaaS/developer-tool style. Include exactly these main text elements: CODEPACKR.COM, AS2 Message Suite & MDN Generator, Encode, decode, parse MIME headers, calculate MICs, and generate AS2 MDN receipts, FREE TOOL, Runs in your browser. Do not add hashtags, long paragraphs, fake statistics, fake UI, or unsupported claims. No spelling errors."
6,AS2 S/MIME Encoder & Decoder,https://www.codepackr.com/as2-encoder-decoder,"AS2 S/MIME Encoder & Decoder: one less developer task to handle manually.

Sign, encrypt, and inspect AS2 S/MIME payloads for secure B2B electronic data interchange. Codepackr gives you a simple browser-based way to get the job done quickly, without adding another tool to your local setup.

Try it here: https://www.codepackr.com/as2-encoder-decoder

#Codepackr #Developer #DevTools #AS2 #SMIME #CyberSecurity #Cryptography #B2B","AS2 S/MIME Encoder & Decoder: Sign, encrypt, and inspect AS2 S/MIME payloads for secure B2B electronic data interchange. Try it free: https://www.codepackr.com/as2-encoder-decoder #Codepackr #Developer #DevTools #AS2 #SMIME #CyberSecurity #Cryptography #B2B",257,#Codepackr #Developer #DevTools #AS2 #SMIME #CyberSecurity #Cryptography #B2B,"CODEPACKR.COM
AS2 S/MIME Encoder & Decoder
Sign, encrypt, and inspect AS2 S/MIME payloads for secure B2B electronic data interchange
FREE TOOL
Runs in your browser","Create a square 1:1 social-media promotional graphic for Codepackr.com featuring AS2 S/MIME Encoder & Decoder. Use the attached Codepackr reference images only as branding inspiration, not as a copy. Dark modern developer-tool aesthetic, deep navy/black background, orange/yellow Codepackr accent, white clean typography, subtle visual elements related to AS2 S/MIME Encoder & Decoder, strong mobile readability, generous spacing, professional SaaS/developer-tool style. Include exactly these main text elements: CODEPACKR.COM, AS2 S/MIME Encoder & Decoder, Sign, encrypt, and inspect AS2 S/MIME payloads for secure B2B electronic data interchange, FREE TOOL, Runs in your browser. Do not add hashtags, long paragraphs, fake statistics, fake UI, or unsupported claims. No spelling errors."
7,AS2 Message Disposition Notification Generator,https://www.codepackr.com/as2-mdn-generator,"AS2 Message Disposition Notification Generator: one less developer task to handle manually.

Generate and parse synchronous or asynchronous AS2 Message Disposition Notifications (MDN). Codepackr gives you a simple browser-based way to get the job done quickly, without adding another tool to your local setup.

Try it here: https://www.codepackr.com/as2-mdn-generator

#Codepackr #Developer #DevTools #AS2 #MDN #EDI #Receipts #B2BIntegration",AS2 Message Disposition Notification Generator: Generate and parse synchronous or asynchronous AS2 Message Disposition Notifications (MDN). Try it free: https://www.codepackr.com/as2-mdn-generator #Codepackr #Developer #DevTools #AS2 #MDN #EDI #Receipts #B2BIntegration,269,#Codepackr #Developer #DevTools #AS2 #MDN #EDI #Receipts #B2BIntegration,"CODEPACKR.COM
AS2 Message Disposition Notification Generator
Generate and parse synchronous or asynchronous AS2 Message Disposition Notifications (MDN)
FREE TOOL
Runs in your browser","Create a square 1:1 social-media promotional graphic for Codepackr.com featuring AS2 Message Disposition Notification Generator. Use the attached Codepackr reference images only as branding inspiration, not as a copy. Dark modern developer-tool aesthetic, deep navy/black background, orange/yellow Codepackr accent, white clean typography, subtle visual elements related to AS2 Message Disposition Notification Generator, strong mobile readability, generous spacing, professional SaaS/developer-tool style. Include exactly these main text elements: CODEPACKR.COM, AS2 Message Disposition Notification Generator, Generate and parse synchronous or asynchronous AS2 Message Disposition Notifications (MDN), FREE TOOL, Runs in your browser. Do not add hashtags, long paragraphs, fake statistics, fake UI, or unsupported claims. No spelling errors."
8,GS1-128 Shipping Barcode Generator,https://www.codepackr.com/gs1-128-generator,"GS1-128 Shipping Barcode Generator: one less developer task to handle manually.

Generate high-resolution GS1-128 shipping container barcodes with Application Identifiers. Codepackr gives you a simple browser-based way to get the job done quickly, without adding another tool to your local setup.

Try it here: https://www.codepackr.com/gs1-128-generator

#Codepackr #Developer #DevTools #GS1 #Barcode #Packaging #Warehousing #Logistics",GS1-128 Shipping Barcode Generator: Generate high-resolution GS1-128 shipping container barcodes with Application Identifiers. Try it free: https://www.codepackr.com/gs1-128-generator #Codepackr #Developer #DevTools #GS1 #Barcode #Packaging #Warehousing #Logistics,264,#Codepackr #Developer #DevTools #GS1 #Barcode #Packaging #Warehousing #Logistics,"CODEPACKR.COM
GS1-128 Shipping Barcode Generator
Generate high-resolution GS1-128 shipping container barcodes with Application Identifiers
FREE TOOL
Runs in your browser","Create a square 1:1 social-media promotional graphic for Codepackr.com featuring GS1-128 Shipping Barcode Generator. Use the attached Codepackr reference images only as branding inspiration, not as a copy. Dark modern developer-tool aesthetic, deep navy/black background, orange/yellow Codepackr accent, white clean typography, subtle visual elements related to GS1-128 Shipping Barcode Generator, strong mobile readability, generous spacing, professional SaaS/developer-tool style. Include exactly these main text elements: CODEPACKR.COM, GS1-128 Shipping Barcode Generator, Generate high-resolution GS1-128 shipping container barcodes with Application Identifiers, FREE TOOL, Runs in your browser. Do not add hashtags, long paragraphs, fake statistics, fake UI, or unsupported claims. No spelling errors."
9,Serial Shipping Container Code (SSCC-18) Generator,https://www.codepackr.com/sscc-18-generator,"Serial Shipping Container Code (SSCC-18) Generator: one less developer task to handle manually.

Calculate Mod-10 check digits and generate standard 18-digit Serial Shipping Container Codes. Codepackr gives you a simple browser-based way to get the job done quickly, without adding another tool to your local setup.

Try it here: https://www.codepackr.com/sscc-18-generator

#Codepackr #Developer #DevTools #SSCC #GS1 #Logistics #Shipping #SupplyChain",Serial Shipping Container Code (SSCC-18) Generator: Calculate Mod-10 check digits and generate standard 18-digit Serial Shipping Container Codes. Try it free: https://www.codepackr.com/sscc-18-generator #Codepackr #Developer #DevTools #SSCC #GS1 #Logistics #Shipping #SupplyChain,279,#Codepackr #Developer #DevTools #SSCC #GS1 #Logistics #Shipping #SupplyChain,"CODEPACKR.COM
Serial Shipping Container Code (SSCC-18) Generator
Calculate Mod-10 check digits and generate standard 18-digit Serial Shipping Container Codes
FREE TOOL
Runs in your browser","Create a square 1:1 social-media promotional graphic for Codepackr.com featuring Serial Shipping Container Code (SSCC-18) Generator. Use the attached Codepackr reference images only as branding inspiration, not as a copy. Dark modern developer-tool aesthetic, deep navy/black background, orange/yellow Codepackr accent, white clean typography, subtle visual elements related to Serial Shipping Container Code (SSCC-18) Generator, strong mobile readability, generous spacing, professional SaaS/developer-tool style. Include exactly these main text elements: CODEPACKR.COM, Serial Shipping Container Code (SSCC-18) Generator, Calculate Mod-10 check digits and generate standard 18-digit Serial Shipping Container Codes, FREE TOOL, Runs in your browser. Do not add hashtags, long paragraphs, fake statistics, fake UI, or unsupported claims. No spelling errors."
10,EDI X12 Formatter & Beautifier,https://www.codepackr.com/edi-formatter,"EDI X12 Formatter & Beautifier: one less developer task to handle manually.

Format and inspect raw ANSI ASC X12 and EDIFACT EDI transactions. Codepackr gives you a simple browser-based way to get the job done quickly, without adding another tool to your local setup.

Try it here: https://www.codepackr.com/edi-formatter

#Codepackr #Developer #DevTools #EDI #X12 #EDIX12FormatterBeautifier #Formatter #Beautifier",EDI X12 Formatter & Beautifier: Format and inspect raw ANSI ASC X12 and EDIFACT EDI transactions. Try it free: https://www.codepackr.com/edi-formatter #Codepackr #Developer #DevTools #EDI #X12 #EDIX12FormatterBeautifier #Formatter #Beautifier,242,#Codepackr #Developer #DevTools #EDI #X12 #EDIX12FormatterBeautifier #Formatter #Beautifier,"CODEPACKR.COM
EDI X12 Formatter & Beautifier
Format and inspect raw ANSI ASC X12 and EDIFACT EDI transactions
FREE TOOL
Runs in your browser","Create a square 1:1 social-media promotional graphic for Codepackr.com featuring EDI X12 Formatter & Beautifier. Use the attached Codepackr reference images only as branding inspiration, not as a copy. Dark modern developer-tool aesthetic, deep navy/black background, orange/yellow Codepackr accent, white clean typography, subtle visual elements related to EDI X12 Formatter & Beautifier, strong mobile readability, generous spacing, professional SaaS/developer-tool style. Include exactly these main text elements: CODEPACKR.COM, EDI X12 Formatter & Beautifier, Format and inspect raw ANSI ASC X12 and EDIFACT EDI transactions, FREE TOOL, Runs in your browser. Do not add hashtags, long paragraphs, fake statistics, fake UI, or unsupported claims. No spelling errors."
11,EDI X12 Formatter & Beautifier,https://www.codepackr.com/edi-x12-formatter,"EDI X12 Formatter & Beautifier: one less developer task to handle manually.

Format and inspect raw ANSI ASC X12 and EDIFACT EDI transactions. Codepackr gives you a simple browser-based way to get the job done quickly, without adding another tool to your local setup.

Try it here: https://www.codepackr.com/edi-x12-formatter

#Codepackr #Developer #DevTools #EDI #X12 #EDIX12FormatterBeautifier #Formatter #Beautifier",EDI X12 Formatter & Beautifier: Format and inspect raw ANSI ASC X12 and EDIFACT EDI transactions. Try it free: https://www.codepackr.com/edi-x12-formatter #Codepackr #Developer #DevTools #EDI #X12 #EDIX12FormatterBeautifier #Formatter #Beautifier,246,#Codepackr #Developer #DevTools #EDI #X12 #EDIX12FormatterBeautifier #Formatter #Beautifier,"CODEPACKR.COM
EDI X12 Formatter & Beautifier
Format and inspect raw ANSI ASC X12 and EDIFACT EDI transactions
FREE TOOL
Runs in your browser","Create a square 1:1 social-media promotional graphic for Codepackr.com featuring EDI X12 Formatter & Beautifier. Use the attached Codepackr reference images only as branding inspiration, not as a copy. Dark modern developer-tool aesthetic, deep navy/black background, orange/yellow Codepackr accent, white clean typography, subtle visual elements related to EDI X12 Formatter & Beautifier, strong mobile readability, generous spacing, professional SaaS/developer-tool style. Include exactly these main text elements: CODEPACKR.COM, EDI X12 Formatter & Beautifier, Format and inspect raw ANSI ASC X12 and EDIFACT EDI transactions, FREE TOOL, Runs in your browser. Do not add hashtags, long paragraphs, fake statistics, fake UI, or unsupported claims. No spelling errors."
12,EDI Segment Viewer,https://www.codepackr.com/edi-segment-viewer,"EDI Segment Viewer: one less developer task to handle manually.

Inspect EDI transactions by segment for easier troubleshooting. Codepackr gives you a simple browser-based way to get the job done quickly, without adding another tool to your local setup.

Try it here: https://www.codepackr.com/edi-segment-viewer

#Codepackr #Developer #DevTools #EDI #X12 #EDISegmentViewer #Segment #Viewer",EDI Segment Viewer: Inspect EDI transactions by segment for easier troubleshooting. Try it free: https://www.codepackr.com/edi-segment-viewer #Codepackr #Developer #DevTools #EDI #X12 #EDISegmentViewer #Segment #Viewer,218,#Codepackr #Developer #DevTools #EDI #X12 #EDISegmentViewer #Segment #Viewer,"CODEPACKR.COM
EDI Segment Viewer
Inspect EDI transactions by segment for easier troubleshooting
FREE TOOL
Runs in your browser","Create a square 1:1 social-media promotional graphic for Codepackr.com featuring EDI Segment Viewer. Use the attached Codepackr reference images only as branding inspiration, not as a copy. Dark modern developer-tool aesthetic, deep navy/black background, orange/yellow Codepackr accent, white clean typography, subtle visual elements related to EDI Segment Viewer, strong mobile readability, generous spacing, professional SaaS/developer-tool style. Include exactly these main text elements: CODEPACKR.COM, EDI Segment Viewer, Inspect EDI transactions by segment for easier troubleshooting, FREE TOOL, Runs in your browser. Do not add hashtags, long paragraphs, fake statistics, fake UI, or unsupported claims. No spelling errors."
13,EDI to JSON Converter,https://www.codepackr.com/edi-to-json,"EDI to JSON Converter: one less developer task to handle manually.

Convert EDI transaction data to clean structured JSON representations. Codepackr gives you a simple browser-based way to get the job done quickly, without adding another tool to your local setup.

Try it here: https://www.codepackr.com/edi-to-json

#Codepackr #Developer #DevTools #EDI #JSON #EDIJSONConverter #Converter",EDI to JSON Converter: Convert EDI transaction data to clean structured JSON representations. Try it free: https://www.codepackr.com/edi-to-json #Codepackr #Developer #DevTools #EDI #JSON #EDIJSONConverter #Converter,216,#Codepackr #Developer #DevTools #EDI #JSON #EDIJSONConverter #Converter,"CODEPACKR.COM
EDI to JSON Converter
Convert EDI transaction data to clean structured JSON representations
FREE TOOL
Runs in your browser","Create a square 1:1 social-media promotional graphic for Codepackr.com featuring EDI to JSON Converter. Use the attached Codepackr reference images only as branding inspiration, not as a copy. Dark modern developer-tool aesthetic, deep navy/black background, orange/yellow Codepackr accent, white clean typography, subtle visual elements related to EDI to JSON Converter, strong mobile readability, generous spacing, professional SaaS/developer-tool style. Include exactly these main text elements: CODEPACKR.COM, EDI to JSON Converter, Convert EDI transaction data to clean structured JSON representations, FREE TOOL, Runs in your browser. Do not add hashtags, long paragraphs, fake statistics, fake UI, or unsupported claims. No spelling errors."
14,EDI to JSON Converter,https://www.codepackr.com/edi-json-converter,"EDI to JSON Converter: one less developer task to handle manually.

Convert EDI transaction data to clean structured JSON representations. Codepackr gives you a simple browser-based way to get the job done quickly, without adding another tool to your local setup.

Try it here: https://www.codepackr.com/edi-json-converter

#Codepackr #Developer #DevTools #EDI #JSON #EDIJSONConverter #Converter",EDI to JSON Converter: Convert EDI transaction data to clean structured JSON representations. Try it free: https://www.codepackr.com/edi-json-converter #Codepackr #Developer #DevTools #EDI #JSON #EDIJSONConverter #Converter,223,#Codepackr #Developer #DevTools #EDI #JSON #EDIJSONConverter #Converter,"CODEPACKR.COM
EDI to JSON Converter
Convert EDI transaction data to clean structured JSON representations
FREE TOOL
Runs in your browser","Create a square 1:1 social-media promotional graphic for Codepackr.com featuring EDI to JSON Converter. Use the attached Codepackr reference images only as branding inspiration, not as a copy. Dark modern developer-tool aesthetic, deep navy/black background, orange/yellow Codepackr accent, white clean typography, subtle visual elements related to EDI to JSON Converter, strong mobile readability, generous spacing, professional SaaS/developer-tool style. Include exactly these main text elements: CODEPACKR.COM, EDI to JSON Converter, Convert EDI transaction data to clean structured JSON representations, FREE TOOL, Runs in your browser. Do not add hashtags, long paragraphs, fake statistics, fake UI, or unsupported claims. No spelling errors."
15,EDI Validator,https://www.codepackr.com/edi-validator,"EDI Validator: one less developer task to handle manually.

Validate EDI transaction structure, envelope segments, and syntax. Codepackr gives you a simple browser-based way to get the job done quickly, without adding another tool to your local setup.

Try it here: https://www.codepackr.com/edi-validator

#Codepackr #Developer #DevTools #EDI #Validation #EDIValidator #Validator","EDI Validator: Validate EDI transaction structure, envelope segments, and syntax. Try it free: https://www.codepackr.com/edi-validator #Codepackr #Developer #DevTools #EDI #Validation #EDIValidator #Validator",208,#Codepackr #Developer #DevTools #EDI #Validation #EDIValidator #Validator,"CODEPACKR.COM
EDI Validator
Validate EDI transaction structure, envelope segments, and syntax
FREE TOOL
Runs in your browser","Create a square 1:1 social-media promotional graphic for Codepackr.com featuring EDI Validator. Use the attached Codepackr reference images only as branding inspiration, not as a copy. Dark modern developer-tool aesthetic, deep navy/black background, orange/yellow Codepackr accent, white clean typography, subtle visual elements related to EDI Validator, strong mobile readability, generous spacing, professional SaaS/developer-tool style. Include exactly these main text elements: CODEPACKR.COM, EDI Validator, Validate EDI transaction structure, envelope segments, and syntax, FREE TOOL, Runs in your browser. Do not add hashtags, long paragraphs, fake statistics, fake UI, or unsupported claims. No spelling errors."
16,EDI 997 & CONTRL Ack Generator,https://www.codepackr.com/edi-997-generator,"EDI 997 & CONTRL Ack Generator: one less developer task to handle manually.

Generate EDI 997 and EDIFACT CONTRL functional acknowledgments. Codepackr gives you a simple browser-based way to get the job done quickly, without adding another tool to your local setup.

Try it here: https://www.codepackr.com/edi-997-generator

#Codepackr #Developer #DevTools #EDI #X12 #EDI997Generator #997 #Generator",EDI 997 & CONTRL Ack Generator: Generate EDI 997 and EDIFACT CONTRL functional acknowledgments. Try it free: https://www.codepackr.com/edi-997-generator #Codepackr #Developer #DevTools #EDI #X12 #EDI997Generator #997 #Generator,227,#Codepackr #Developer #DevTools #EDI #X12 #EDI997Generator #997 #Generator,"CODEPACKR.COM
EDI 997 & CONTRL Ack Generator
Generate EDI 997 and EDIFACT CONTRL functional acknowledgments
FREE TOOL
Runs in your browser","Create a square 1:1 social-media promotional graphic for Codepackr.com featuring EDI 997 & CONTRL Ack Generator. Use the attached Codepackr reference images only as branding inspiration, not as a copy. Dark modern developer-tool aesthetic, deep navy/black background, orange/yellow Codepackr accent, white clean typography, subtle visual elements related to EDI 997 & CONTRL Ack Generator, strong mobile readability, generous spacing, professional SaaS/developer-tool style. Include exactly these main text elements: CODEPACKR.COM, EDI 997 & CONTRL Ack Generator, Generate EDI 997 and EDIFACT CONTRL functional acknowledgments, FREE TOOL, Runs in your browser. Do not add hashtags, long paragraphs, fake statistics, fake UI, or unsupported claims. No spelling errors."
17,JSON to EDI Converter,https://www.codepackr.com/json-to-edi,"JSON to EDI Converter: one less developer task to handle manually.

Transform JSON data into standard EDI-compliant transaction segments. Codepackr gives you a simple browser-based way to get the job done quickly, without adding another tool to your local setup.

Try it here: https://www.codepackr.com/json-to-edi

#Codepackr #Developer #DevTools #EDI #JSON #JSONtoEDI #Converter",JSON to EDI Converter: Transform JSON data into standard EDI-compliant transaction segments. Try it free: https://www.codepackr.com/json-to-edi #Codepackr #Developer #DevTools #EDI #JSON #JSONtoEDI #Converter,208,#Codepackr #Developer #DevTools #EDI #JSON #JSONtoEDI #Converter,"CODEPACKR.COM
JSON to EDI Converter
Transform JSON data into standard EDI-compliant transaction segments
FREE TOOL
Runs in your browser","Create a square 1:1 social-media promotional graphic for Codepackr.com featuring JSON to EDI Converter. Use the attached Codepackr reference images only as branding inspiration, not as a copy. Dark modern developer-tool aesthetic, deep navy/black background, orange/yellow Codepackr accent, white clean typography, subtle visual elements related to JSON to EDI Converter, strong mobile readability, generous spacing, professional SaaS/developer-tool style. Include exactly these main text elements: CODEPACKR.COM, JSON to EDI Converter, Transform JSON data into standard EDI-compliant transaction segments, FREE TOOL, Runs in your browser. Do not add hashtags, long paragraphs, fake statistics, fake UI, or unsupported claims. No spelling errors."
18,EDI Sample Generator,https://www.codepackr.com/edi-sample-generator,"EDI Sample Generator: one less developer task to handle manually.

Generate sample EDI data (850, 810, 856, ORDERS) for development and testing. Codepackr gives you a simple browser-based way to get the job done quickly, without adding another tool to your local setup.

Try it here: https://www.codepackr.com/edi-sample-generator

#Codepackr #Developer #DevTools #EDI #Testing #EDISampleGenerator #Sample #Generator","EDI Sample Generator: Generate sample EDI data (850, 810, 856, ORDERS) for development and testing. Try it free: https://www.codepackr.com/edi-sample-generator #Codepackr #Developer #DevTools #EDI #Testing #EDISampleGenerator #Sample #Generator",244,#Codepackr #Developer #DevTools #EDI #Testing #EDISampleGenerator #Sample #Generator,"CODEPACKR.COM
EDI Sample Generator
Generate sample EDI data (850, 810, 856, ORDERS) for development and testing
FREE TOOL
Runs in your browser","Create a square 1:1 social-media promotional graphic for Codepackr.com featuring EDI Sample Generator. Use the attached Codepackr reference images only as branding inspiration, not as a copy. Dark modern developer-tool aesthetic, deep navy/black background, orange/yellow Codepackr accent, white clean typography, subtle visual elements related to EDI Sample Generator, strong mobile readability, generous spacing, professional SaaS/developer-tool style. Include exactly these main text elements: CODEPACKR.COM, EDI Sample Generator, Generate sample EDI data (850, 810, 856, ORDERS) for development and testing, FREE TOOL, Runs in your browser. Do not add hashtags, long paragraphs, fake statistics, fake UI, or unsupported claims. No spelling errors."
19,EDI Delimiter Converter,https://www.codepackr.com/edi-delimiter-converter,"EDI Delimiter Converter: one less developer task to handle manually.

Convert EDI delimiters to match required transaction partner formats. Codepackr gives you a simple browser-based way to get the job done quickly, without adding another tool to your local setup.

Try it here: https://www.codepackr.com/edi-delimiter-converter

#Codepackr #Developer #DevTools #EDI #X12 #EDIDelimiterConverter #Delimiter #Converter",EDI Delimiter Converter: Convert EDI delimiters to match required transaction partner formats. Try it free: https://www.codepackr.com/edi-delimiter-converter #Codepackr #Developer #DevTools #EDI #X12 #EDIDelimiterConverter #Delimiter #Converter,244,#Codepackr #Developer #DevTools #EDI #X12 #EDIDelimiterConverter #Delimiter #Converter,"CODEPACKR.COM
EDI Delimiter Converter
Convert EDI delimiters to match required transaction partner formats
FREE TOOL
Runs in your browser","Create a square 1:1 social-media promotional graphic for Codepackr.com featuring EDI Delimiter Converter. Use the attached Codepackr reference images only as branding inspiration, not as a copy. Dark modern developer-tool aesthetic, deep navy/black background, orange/yellow Codepackr accent, white clean typography, subtle visual elements related to EDI Delimiter Converter, strong mobile readability, generous spacing, professional SaaS/developer-tool style. Include exactly these main text elements: CODEPACKR.COM, EDI Delimiter Converter, Convert EDI delimiters to match required transaction partner formats, FREE TOOL, Runs in your browser. Do not add hashtags, long paragraphs, fake statistics, fake UI, or unsupported claims. No spelling errors."
20,Code & Data Formatters Suite,https://www.codepackr.com/formatters,"Code & Data Formatters Suite: one less developer task to handle manually.

Beautify, indent, and format JSON, SQL, HTML, CSS, XML, and YAML data. Codepackr gives you a simple browser-based way to get the job done quickly, without adding another tool to your local setup.

Try it here: https://www.codepackr.com/formatters

#Codepackr #Developer #DevTools #Formatters #CodeBeautifier #CleanCode #WebDev","Code & Data Formatters Suite: Beautify, indent, and format JSON, SQL, HTML, CSS, XML, and YAML data. Try it free: https://www.codepackr.com/formatters #Codepackr #Developer #DevTools #Formatters #CodeBeautifier #CleanCode #WebDev",229,#Codepackr #Developer #DevTools #Formatters #CodeBeautifier #CleanCode #WebDev,"CODEPACKR.COM
Code & Data Formatters Suite
Beautify, indent, and format JSON, SQL, HTML, CSS, XML, and YAML data
FREE TOOL
Runs in your browser","Create a square 1:1 social-media promotional graphic for Codepackr.com featuring Code & Data Formatters Suite. Use the attached Codepackr reference images only as branding inspiration, not as a copy. Dark modern developer-tool aesthetic, deep navy/black background, orange/yellow Codepackr accent, white clean typography, subtle visual elements related to Code & Data Formatters Suite, strong mobile readability, generous spacing, professional SaaS/developer-tool style. Include exactly these main text elements: CODEPACKR.COM, Code & Data Formatters Suite, Beautify, indent, and format JSON, SQL, HTML, CSS, XML, and YAML data, FREE TOOL, Runs in your browser. Do not add hashtags, long paragraphs, fake statistics, fake UI, or unsupported claims. No spelling errors."
21,JSON Formatter,https://www.codepackr.com/json-formatter,"JSON Formatter: one less developer task to handle manually.

Format, validate, beautify, and indent JSON. Codepackr gives you a simple browser-based way to get the job done quickly, without adding another tool to your local setup.

Try it here: https://www.codepackr.com/json-formatter

#Codepackr #Developer #DevTools #JSON #WebDevelopment #JSONFormatter #Formatter","JSON Formatter: Format, validate, beautify, and indent JSON. Try it free: https://www.codepackr.com/json-formatter #Codepackr #Developer #DevTools #JSON #WebDevelopment #JSONFormatter #Formatter",194,#Codepackr #Developer #DevTools #JSON #WebDevelopment #JSONFormatter #Formatter,"CODEPACKR.COM
JSON Formatter
Format, validate, beautify, and indent JSON
FREE TOOL
Runs in your browser","Create a square 1:1 social-media promotional graphic for Codepackr.com featuring JSON Formatter. Use the attached Codepackr reference images only as branding inspiration, not as a copy. Dark modern developer-tool aesthetic, deep navy/black background, orange/yellow Codepackr accent, white clean typography, subtle visual elements related to JSON Formatter, strong mobile readability, generous spacing, professional SaaS/developer-tool style. Include exactly these main text elements: CODEPACKR.COM, JSON Formatter, Format, validate, beautify, and indent JSON, FREE TOOL, Runs in your browser. Do not add hashtags, long paragraphs, fake statistics, fake UI, or unsupported claims. No spelling errors."
22,JSON Minifier & Compressor,https://www.codepackr.com/json-minifier,"JSON Minifier & Compressor: one less developer task to handle manually.

Minify JSON by removing unnecessary whitespace to reduce payload size. Codepackr gives you a simple browser-based way to get the job done quickly, without adding another tool to your local setup.

Try it here: https://www.codepackr.com/json-minifier

#Codepackr #Developer #DevTools #JSON #APIs #JSONMinifierCompressor #Minifier #Compressor",JSON Minifier & Compressor: Minify JSON by removing unnecessary whitespace to reduce payload size. Try it free: https://www.codepackr.com/json-minifier #Codepackr #Developer #DevTools #JSON #APIs #JSONMinifierCompressor #Minifier #Compressor,241,#Codepackr #Developer #DevTools #JSON #APIs #JSONMinifierCompressor #Minifier #Compressor,"CODEPACKR.COM
JSON Minifier & Compressor
Minify JSON by removing unnecessary whitespace to reduce payload size
FREE TOOL
Runs in your browser","Create a square 1:1 social-media promotional graphic for Codepackr.com featuring JSON Minifier & Compressor. Use the attached Codepackr reference images only as branding inspiration, not as a copy. Dark modern developer-tool aesthetic, deep navy/black background, orange/yellow Codepackr accent, white clean typography, subtle visual elements related to JSON Minifier & Compressor, strong mobile readability, generous spacing, professional SaaS/developer-tool style. Include exactly these main text elements: CODEPACKR.COM, JSON Minifier & Compressor, Minify JSON by removing unnecessary whitespace to reduce payload size, FREE TOOL, Runs in your browser. Do not add hashtags, long paragraphs, fake statistics, fake UI, or unsupported claims. No spelling errors."
23,HTML Formatter,https://www.codepackr.com/html-formatter,"HTML Formatter: one less developer task to handle manually.

Beautify and indent HTML markup for easier reading. Codepackr gives you a simple browser-based way to get the job done quickly, without adding another tool to your local setup.

Try it here: https://www.codepackr.com/html-formatter

#Codepackr #Developer #DevTools #HTML #WebDevelopment #HTMLFormatter #Formatter",HTML Formatter: Beautify and indent HTML markup for easier reading. Try it free: https://www.codepackr.com/html-formatter #Codepackr #Developer #DevTools #HTML #WebDevelopment #HTMLFormatter #Formatter,201,#Codepackr #Developer #DevTools #HTML #WebDevelopment #HTMLFormatter #Formatter,"CODEPACKR.COM
HTML Formatter
Beautify and indent HTML markup for easier reading
FREE TOOL
Runs in your browser","Create a square 1:1 social-media promotional graphic for Codepackr.com featuring HTML Formatter. Use the attached Codepackr reference images only as branding inspiration, not as a copy. Dark modern developer-tool aesthetic, deep navy/black background, orange/yellow Codepackr accent, white clean typography, subtle visual elements related to HTML Formatter, strong mobile readability, generous spacing, professional SaaS/developer-tool style. Include exactly these main text elements: CODEPACKR.COM, HTML Formatter, Beautify and indent HTML markup for easier reading, FREE TOOL, Runs in your browser. Do not add hashtags, long paragraphs, fake statistics, fake UI, or unsupported claims. No spelling errors."
24,CSS Formatter,https://www.codepackr.com/css-formatter,"CSS Formatter: one less developer task to handle manually.

Beautify or minify CSS code for cleaner stylesheets. Codepackr gives you a simple browser-based way to get the job done quickly, without adding another tool to your local setup.

Try it here: https://www.codepackr.com/css-formatter

#Codepackr #Developer #DevTools #CSS #Frontend #CSSFormatter #Formatter",CSS Formatter: Beautify or minify CSS code for cleaner stylesheets. Try it free: https://www.codepackr.com/css-formatter #Codepackr #Developer #DevTools #CSS #Frontend #CSSFormatter #Formatter,192,#Codepackr #Developer #DevTools #CSS #Frontend #CSSFormatter #Formatter,"CODEPACKR.COM
CSS Formatter
Beautify or minify CSS code for cleaner stylesheets
FREE TOOL
Runs in your browser","Create a square 1:1 social-media promotional graphic for Codepackr.com featuring CSS Formatter. Use the attached Codepackr reference images only as branding inspiration, not as a copy. Dark modern developer-tool aesthetic, deep navy/black background, orange/yellow Codepackr accent, white clean typography, subtle visual elements related to CSS Formatter, strong mobile readability, generous spacing, professional SaaS/developer-tool style. Include exactly these main text elements: CODEPACKR.COM, CSS Formatter, Beautify or minify CSS code for cleaner stylesheets, FREE TOOL, Runs in your browser. Do not add hashtags, long paragraphs, fake statistics, fake UI, or unsupported claims. No spelling errors."
25,SQL Formatter,https://www.codepackr.com/sql-formatter,"SQL Formatter: one less developer task to handle manually.

Format SQL queries with consistent indentation and readable keywords. Codepackr gives you a simple browser-based way to get the job done quickly, without adding another tool to your local setup.

Try it here: https://www.codepackr.com/sql-formatter

#Codepackr #Developer #DevTools #SQL #Database #SQLFormatter #Formatter",SQL Formatter: Format SQL queries with consistent indentation and readable keywords. Try it free: https://www.codepackr.com/sql-formatter #Codepackr #Developer #DevTools #SQL #Database #SQLFormatter #Formatter,209,#Codepackr #Developer #DevTools #SQL #Database #SQLFormatter #Formatter,"CODEPACKR.COM
SQL Formatter
Format SQL queries with consistent indentation and readable keywords
FREE TOOL
Runs in your browser","Create a square 1:1 social-media promotional graphic for Codepackr.com featuring SQL Formatter. Use the attached Codepackr reference images only as branding inspiration, not as a copy. Dark modern developer-tool aesthetic, deep navy/black background, orange/yellow Codepackr accent, white clean typography, subtle visual elements related to SQL Formatter, strong mobile readability, generous spacing, professional SaaS/developer-tool style. Include exactly these main text elements: CODEPACKR.COM, SQL Formatter, Format SQL queries with consistent indentation and readable keywords, FREE TOOL, Runs in your browser. Do not add hashtags, long paragraphs, fake statistics, fake UI, or unsupported claims. No spelling errors."
26,XML Formatter,https://www.codepackr.com/xml-formatter,"XML Formatter: one less developer task to handle manually.

Format, indent, and validate XML documents. Codepackr gives you a simple browser-based way to get the job done quickly, without adding another tool to your local setup.

Try it here: https://www.codepackr.com/xml-formatter

#Codepackr #Developer #DevTools #XML #APIs #XMLFormatter #Formatter","XML Formatter: Format, indent, and validate XML documents. Try it free: https://www.codepackr.com/xml-formatter #Codepackr #Developer #DevTools #XML #APIs #XMLFormatter #Formatter",179,#Codepackr #Developer #DevTools #XML #APIs #XMLFormatter #Formatter,"CODEPACKR.COM
XML Formatter
Format, indent, and validate XML documents
FREE TOOL
Runs in your browser","Create a square 1:1 social-media promotional graphic for Codepackr.com featuring XML Formatter. Use the attached Codepackr reference images only as branding inspiration, not as a copy. Dark modern developer-tool aesthetic, deep navy/black background, orange/yellow Codepackr accent, white clean typography, subtle visual elements related to XML Formatter, strong mobile readability, generous spacing, professional SaaS/developer-tool style. Include exactly these main text elements: CODEPACKR.COM, XML Formatter, Format, indent, and validate XML documents, FREE TOOL, Runs in your browser. Do not add hashtags, long paragraphs, fake statistics, fake UI, or unsupported claims. No spelling errors."
27,YAML Formatter,https://www.codepackr.com/yaml-formatter,"YAML Formatter: one less developer task to handle manually.

Format, parse, and validate YAML configuration files. Codepackr gives you a simple browser-based way to get the job done quickly, without adding another tool to your local setup.

Try it here: https://www.codepackr.com/yaml-formatter

#Codepackr #Developer #DevTools #YAML #DevOps #YAMLFormatter #Formatter","YAML Formatter: Format, parse, and validate YAML configuration files. Try it free: https://www.codepackr.com/yaml-formatter #Codepackr #Developer #DevTools #YAML #DevOps #YAMLFormatter #Formatter",195,#Codepackr #Developer #DevTools #YAML #DevOps #YAMLFormatter #Formatter,"CODEPACKR.COM
YAML Formatter
Format, parse, and validate YAML configuration files
FREE TOOL
Runs in your browser","Create a square 1:1 social-media promotional graphic for Codepackr.com featuring YAML Formatter. Use the attached Codepackr reference images only as branding inspiration, not as a copy. Dark modern developer-tool aesthetic, deep navy/black background, orange/yellow Codepackr accent, white clean typography, subtle visual elements related to YAML Formatter, strong mobile readability, generous spacing, professional SaaS/developer-tool style. Include exactly these main text elements: CODEPACKR.COM, YAML Formatter, Format, parse, and validate YAML configuration files, FREE TOOL, Runs in your browser. Do not add hashtags, long paragraphs, fake statistics, fake UI, or unsupported claims. No spelling errors."
28,"XML, XSD, XSLT & XPath Suite",https://www.codepackr.com/xml-tools,"XML, XSD, XSLT & XPath Suite: one less developer task to handle manually.

Transform XML using XSLT, evaluate XPath expressions, validate schemas, and generate XSD structures. Codepackr gives you a simple browser-based way to get the job done quickly, without adding another tool to your local setup.

Try it here: https://www.codepackr.com/xml-tools

#Codepackr #Developer #DevTools #XML #XSLT #XPath #XSD #DataArchitecture","XML, XSD, XSLT & XPath Suite: Transform XML using XSLT, evaluate XPath expressions, validate schemas, and generate XSD structures. Try it free: https://www.codepackr.com/xml-tools #Codepackr #Developer #DevTools #XML #XSLT #XPath #XSD #DataArchitecture",252,#Codepackr #Developer #DevTools #XML #XSLT #XPath #XSD #DataArchitecture,"CODEPACKR.COM
XML, XSD, XSLT & XPath Suite
Transform XML using XSLT, evaluate XPath expressions, validate schemas, and generate XSD structures
FREE TOOL
Runs in your browser","Create a square 1:1 social-media promotional graphic for Codepackr.com featuring XML, XSD, XSLT & XPath Suite. Use the attached Codepackr reference images only as branding inspiration, not as a copy. Dark modern developer-tool aesthetic, deep navy/black background, orange/yellow Codepackr accent, white clean typography, subtle visual elements related to XML, XSD, XSLT & XPath Suite, strong mobile readability, generous spacing, professional SaaS/developer-tool style. Include exactly these main text elements: CODEPACKR.COM, XML, XSD, XSLT & XPath Suite, Transform XML using XSLT, evaluate XPath expressions, validate schemas, and generate XSD structures, FREE TOOL, Runs in your browser. Do not add hashtags, long paragraphs, fake statistics, fake UI, or unsupported claims. No spelling errors."
29,XML XSLT 1.0/2.0 Transformer,https://www.codepackr.com/xml-xslt-transform,"XML XSLT 1.0/2.0 Transformer: one less developer task to handle manually.

Transform XML documents into HTML, text, or XML using XSLT stylesheets in your browser. Codepackr gives you a simple browser-based way to get the job done quickly, without adding another tool to your local setup.

Try it here: https://www.codepackr.com/xml-xslt-transform

#Codepackr #Developer #DevTools #XML #XSLT #WebDevelopment #DataTransformation","XML XSLT 1.0/2.0 Transformer: Transform XML documents into HTML, text, or XML using XSLT stylesheets in your browser. Try it free: https://www.codepackr.com/xml-xslt-transform #Codepackr #Developer #DevTools #XML #XSLT #WebDevelopment #DataTransformation",254,#Codepackr #Developer #DevTools #XML #XSLT #WebDevelopment #DataTransformation,"CODEPACKR.COM
XML XSLT 1.0/2.0 Transformer
Transform XML documents into HTML, text, or XML using XSLT stylesheets in your browser
FREE TOOL
Runs in your browser","Create a square 1:1 social-media promotional graphic for Codepackr.com featuring XML XSLT 1.0/2.0 Transformer. Use the attached Codepackr reference images only as branding inspiration, not as a copy. Dark modern developer-tool aesthetic, deep navy/black background, orange/yellow Codepackr accent, white clean typography, subtle visual elements related to XML XSLT 1.0/2.0 Transformer, strong mobile readability, generous spacing, professional SaaS/developer-tool style. Include exactly these main text elements: CODEPACKR.COM, XML XSLT 1.0/2.0 Transformer, Transform XML documents into HTML, text, or XML using XSLT stylesheets in your browser, FREE TOOL, Runs in your browser. Do not add hashtags, long paragraphs, fake statistics, fake UI, or unsupported claims. No spelling errors."
30,XML XPath Query Evaluator,https://www.codepackr.com/xml-xpath-evaluator,"XML XPath Query Evaluator: one less developer task to handle manually.

Evaluate and test XPath 1.0 and 2.0 expressions against XML documents with instant nodeset highlighting. Codepackr gives you a simple browser-based way to get the job done quickly, without adding another tool to your local setup.

Try it here: https://www.codepackr.com/xml-xpath-evaluator

#Codepackr #Developer #DevTools #XPath #XML #DataExtraction #Testing #APIs",XML XPath Query Evaluator: Evaluate and test XPath 1.0 and 2.0 expressions against XML documents with instant nodeset highlighting. Try it free: https://www.codepackr.com/xml-xpath-evaluator #Codepackr #Developer #DevTools #XPath #XML #DataExtraction #Testing #APIs,265,#Codepackr #Developer #DevTools #XPath #XML #DataExtraction #Testing #APIs,"CODEPACKR.COM
XML XPath Query Evaluator
Evaluate and test XPath 1.0 and 2.0 expressions against XML documents with instant nodeset highlighting
FREE TOOL
Runs in your browser","Create a square 1:1 social-media promotional graphic for Codepackr.com featuring XML XPath Query Evaluator. Use the attached Codepackr reference images only as branding inspiration, not as a copy. Dark modern developer-tool aesthetic, deep navy/black background, orange/yellow Codepackr accent, white clean typography, subtle visual elements related to XML XPath Query Evaluator, strong mobile readability, generous spacing, professional SaaS/developer-tool style. Include exactly these main text elements: CODEPACKR.COM, XML XPath Query Evaluator, Evaluate and test XPath 1.0 and 2.0 expressions against XML documents with instant nodeset highlighting, FREE TOOL, Runs in your browser. Do not add hashtags, long paragraphs, fake statistics, fake UI, or unsupported claims. No spelling errors."
31,XML XSD Schema Validator,https://www.codepackr.com/xml-xsd-validator,"XML XSD Schema Validator: one less developer task to handle manually.

Validate XML data against W3C XSD schemas with detailed error line and column diagnostics. Codepackr gives you a simple browser-based way to get the job done quickly, without adding another tool to your local setup.

Try it here: https://www.codepackr.com/xml-xsd-validator

#Codepackr #Developer #DevTools #XML #XSD #SchemaValidation #DataIntegrity",XML XSD Schema Validator: Validate XML data against W3C XSD schemas with detailed error line and column diagnostics. Try it free: https://www.codepackr.com/xml-xsd-validator #Codepackr #Developer #DevTools #XML #XSD #SchemaValidation #DataIntegrity,248,#Codepackr #Developer #DevTools #XML #XSD #SchemaValidation #DataIntegrity,"CODEPACKR.COM
XML XSD Schema Validator
Validate XML data against W3C XSD schemas with detailed error line and column diagnostics
FREE TOOL
Runs in your browser","Create a square 1:1 social-media promotional graphic for Codepackr.com featuring XML XSD Schema Validator. Use the attached Codepackr reference images only as branding inspiration, not as a copy. Dark modern developer-tool aesthetic, deep navy/black background, orange/yellow Codepackr accent, white clean typography, subtle visual elements related to XML XSD Schema Validator, strong mobile readability, generous spacing, professional SaaS/developer-tool style. Include exactly these main text elements: CODEPACKR.COM, XML XSD Schema Validator, Validate XML data against W3C XSD schemas with detailed error line and column diagnostics, FREE TOOL, Runs in your browser. Do not add hashtags, long paragraphs, fake statistics, fake UI, or unsupported claims. No spelling errors."
32,XSLT Transformer & Tester,https://www.codepackr.com/xslt-transformer,"XSLT Transformer & Tester: one less developer task to handle manually.

Transform XML documents with XSLT stylesheets, test templates, parameters, and preview HTML/XML/Text client-side. Codepackr gives you a simple browser-based way to get the job done quickly, without adding another tool to your local setup.

Try it here: https://www.codepackr.com/xslt-transformer

#Codepackr #Developer #DevTools #XSLT #XML #Transform #DataIntegration #EDI","XSLT Transformer & Tester: Transform XML documents with XSLT stylesheets, test templates, parameters, and preview HTML/XML/Text client-side. Try it free: https://www.codepackr.com/xslt-transformer #Codepackr #Developer #DevTools #XSLT #XML #Transform #DataIntegration #EDI",272,#Codepackr #Developer #DevTools #XSLT #XML #Transform #DataIntegration #EDI,"CODEPACKR.COM
XSLT Transformer & Tester
Transform XML documents with XSLT stylesheets, test templates, parameters, and preview HTML/XML/Text client-side
FREE TOOL
Runs in your browser","Create a square 1:1 social-media promotional graphic for Codepackr.com featuring XSLT Transformer & Tester. Use the attached Codepackr reference images only as branding inspiration, not as a copy. Dark modern developer-tool aesthetic, deep navy/black background, orange/yellow Codepackr accent, white clean typography, subtle visual elements related to XSLT Transformer & Tester, strong mobile readability, generous spacing, professional SaaS/developer-tool style. Include exactly these main text elements: CODEPACKR.COM, XSLT Transformer & Tester, Transform XML documents with XSLT stylesheets, test templates, parameters, and preview HTML/XML/Text client-side, FREE TOOL, Runs in your browser. Do not add hashtags, long paragraphs, fake statistics, fake UI, or unsupported claims. No spelling errors."
33,XSD & XML Schema Validator,https://www.codepackr.com/xsd-validator,"XSD & XML Schema Validator: one less developer task to handle manually.

Validate XML structures against W3C XSD schema definitions, element constraints, and data types locally in browser. Codepackr gives you a simple browser-based way to get the job done quickly, without adding another tool to your local setup.

Try it here: https://www.codepackr.com/xsd-validator

#Codepackr #Developer #DevTools #XML #XSD #SchemaValidator #W3C #DataIntegrity","XSD & XML Schema Validator: Validate XML structures against W3C XSD schema definitions, element constraints, and data types locally in browser. Try it free: https://www.codepackr.com/xsd-validator #Codepackr #Developer #DevTools #XML #XSD #SchemaValidator #W3C #DataIntegrity",275,#Codepackr #Developer #DevTools #XML #XSD #SchemaValidator #W3C #DataIntegrity,"CODEPACKR.COM
XSD & XML Schema Validator
Validate XML structures against W3C XSD schema definitions, element constraints, and data types locally in browser
FREE TOOL
Runs in your browser","Create a square 1:1 social-media promotional graphic for Codepackr.com featuring XSD & XML Schema Validator. Use the attached Codepackr reference images only as branding inspiration, not as a copy. Dark modern developer-tool aesthetic, deep navy/black background, orange/yellow Codepackr accent, white clean typography, subtle visual elements related to XSD & XML Schema Validator, strong mobile readability, generous spacing, professional SaaS/developer-tool style. Include exactly these main text elements: CODEPACKR.COM, XSD & XML Schema Validator, Validate XML structures against W3C XSD schema definitions, element constraints, and data types locally in browser, FREE TOOL, Runs in your browser. Do not add hashtags, long paragraphs, fake statistics, fake UI, or unsupported claims. No spelling errors."
34,XML to XSD Schema Generator,https://www.codepackr.com/xml-xsd-generator,"XML to XSD Schema Generator: one less developer task to handle manually.

Automatically infer and generate W3C XSD schemas from sample XML data. Codepackr gives you a simple browser-based way to get the job done quickly, without adding another tool to your local setup.

Try it here: https://www.codepackr.com/xml-xsd-generator

#Codepackr #Developer #DevTools #XML #XSD #SchemaGenerator #Architecture",XML to XSD Schema Generator: Automatically infer and generate W3C XSD schemas from sample XML data. Try it free: https://www.codepackr.com/xml-xsd-generator #Codepackr #Developer #DevTools #XML #XSD #SchemaGenerator #Architecture,229,#Codepackr #Developer #DevTools #XML #XSD #SchemaGenerator #Architecture,"CODEPACKR.COM
XML to XSD Schema Generator
Automatically infer and generate W3C XSD schemas from sample XML data
FREE TOOL
Runs in your browser","Create a square 1:1 social-media promotional graphic for Codepackr.com featuring XML to XSD Schema Generator. Use the attached Codepackr reference images only as branding inspiration, not as a copy. Dark modern developer-tool aesthetic, deep navy/black background, orange/yellow Codepackr accent, white clean typography, subtle visual elements related to XML to XSD Schema Generator, strong mobile readability, generous spacing, professional SaaS/developer-tool style. Include exactly these main text elements: CODEPACKR.COM, XML to XSD Schema Generator, Automatically infer and generate W3C XSD schemas from sample XML data, FREE TOOL, Runs in your browser. Do not add hashtags, long paragraphs, fake statistics, fake UI, or unsupported claims. No spelling errors."
35,Database Connection String Builder,https://www.codepackr.com/connection-string-parser,"Database Connection String Builder: one less developer task to handle manually.

Construct, format, and parse database connection URIs for PostgreSQL, MySQL, MongoDB Atlas, and Redis. Codepackr gives you a simple browser-based way to get the job done quickly, without adding another tool to your local setup.

Try it here: https://www.codepackr.com/connection-string-parser

#Codepackr #Developer #DevTools #Database #PostgreSQL #MySQL #MongoDB #Redis #DevOps","Database Connection String Builder: Construct, format, and parse database connection URIs for PostgreSQL, MySQL, MongoDB Atlas, and Redis. Try it free: https://www.codepackr.com/connection-string-parser #Codepackr #Developer #DevTools #Database #PostgreSQL #MySQL #MongoDB #Redis #DevOps",287,#Codepackr #Developer #DevTools #Database #PostgreSQL #MySQL #MongoDB #Redis #DevOps,"CODEPACKR.COM
Database Connection String Builder
Construct, format, and parse database connection URIs for PostgreSQL, MySQL, MongoDB Atlas, and Redis
FREE TOOL
Runs in your browser","Create a square 1:1 social-media promotional graphic for Codepackr.com featuring Database Connection String Builder. Use the attached Codepackr reference images only as branding inspiration, not as a copy. Dark modern developer-tool aesthetic, deep navy/black background, orange/yellow Codepackr accent, white clean typography, subtle visual elements related to Database Connection String Builder, strong mobile readability, generous spacing, professional SaaS/developer-tool style. Include exactly these main text elements: CODEPACKR.COM, Database Connection String Builder, Construct, format, and parse database connection URIs for PostgreSQL, MySQL, MongoDB Atlas, and Redis, FREE TOOL, Runs in your browser. Do not add hashtags, long paragraphs, fake statistics, fake UI, or unsupported claims. No spelling errors."
36,"Encoders, Decoders & Cryptography Suite",https://www.codepackr.com/encoders,"Encoders, Decoders & Cryptography Suite: one less developer task to handle manually.

Encode, decode, and hash data using Base64, URL, HTML, JWT, SHA, and HMAC algorithms. Codepackr gives you a simple browser-based way to get the job done quickly, without adding another tool to your local setup.

Try it here: https://www.codepackr.com/encoders

#Codepackr #Developer #DevTools #Cryptography #Base64 #Hashing #Security #WebDev","Encoders, Decoders & Cryptography Suite: Encode, decode, and hash data using Base64, URL, HTML, JWT, SHA, and HMAC algorithms. Try it free: https://www.codepackr.com/encoders #Codepackr #Developer #DevTools #Cryptography #Base64 #Hashing #Security #WebDev",255,#Codepackr #Developer #DevTools #Cryptography #Base64 #Hashing #Security #WebDev,"CODEPACKR.COM
Encoders, Decoders & Cryptography Suite
Encode, decode, and hash data using Base64, URL, HTML, JWT, SHA, and HMAC algorithms
FREE TOOL
Runs in your browser","Create a square 1:1 social-media promotional graphic for Codepackr.com featuring Encoders, Decoders & Cryptography Suite. Use the attached Codepackr reference images only as branding inspiration, not as a copy. Dark modern developer-tool aesthetic, deep navy/black background, orange/yellow Codepackr accent, white clean typography, subtle visual elements related to Encoders, Decoders & Cryptography Suite, strong mobile readability, generous spacing, professional SaaS/developer-tool style. Include exactly these main text elements: CODEPACKR.COM, Encoders, Decoders & Cryptography Suite, Encode, decode, and hash data using Base64, URL, HTML, JWT, SHA, and HMAC algorithms, FREE TOOL, Runs in your browser. Do not add hashtags, long paragraphs, fake statistics, fake UI, or unsupported claims. No spelling errors."
37,Base64 Encoder & Decoder,https://www.codepackr.com/base64-encode-decode,"Base64 Encoder & Decoder: one less developer task to handle manually.

Encode and decode Base64 strings and files quickly in your browser. Codepackr gives you a simple browser-based way to get the job done quickly, without adding another tool to your local setup.

Try it here: https://www.codepackr.com/base64-encode-decode

#Codepackr #Developer #DevTools #Base64 #Encoding #Base64EncoderDecoder #Encoder #Decoder",Base64 Encoder & Decoder: Encode and decode Base64 strings and files quickly in your browser. Try it free: https://www.codepackr.com/base64-encode-decode #Codepackr #Developer #DevTools #Base64 #Encoding #Base64EncoderDecoder #Encoder #Decoder,243,#Codepackr #Developer #DevTools #Base64 #Encoding #Base64EncoderDecoder #Encoder #Decoder,"CODEPACKR.COM
Base64 Encoder & Decoder
Encode and decode Base64 strings and files quickly in your browser
FREE TOOL
Runs in your browser","Create a square 1:1 social-media promotional graphic for Codepackr.com featuring Base64 Encoder & Decoder. Use the attached Codepackr reference images only as branding inspiration, not as a copy. Dark modern developer-tool aesthetic, deep navy/black background, orange/yellow Codepackr accent, white clean typography, subtle visual elements related to Base64 Encoder & Decoder, strong mobile readability, generous spacing, professional SaaS/developer-tool style. Include exactly these main text elements: CODEPACKR.COM, Base64 Encoder & Decoder, Encode and decode Base64 strings and files quickly in your browser, FREE TOOL, Runs in your browser. Do not add hashtags, long paragraphs, fake statistics, fake UI, or unsupported claims. No spelling errors."
38,URL Encoder & Decoder,https://www.codepackr.com/url-encode-decode,"URL Encoder & Decoder: one less developer task to handle manually.

Encode and decode URL parameters and query strings safely. Codepackr gives you a simple browser-based way to get the job done quickly, without adding another tool to your local setup.

Try it here: https://www.codepackr.com/url-encode-decode

#Codepackr #Developer #DevTools #URLs #WebDevelopment #URLEncoderDecoder #Encoder #Decoder",URL Encoder & Decoder: Encode and decode URL parameters and query strings safely. Try it free: https://www.codepackr.com/url-encode-decode #Codepackr #Developer #DevTools #URLs #WebDevelopment #URLEncoderDecoder #Encoder #Decoder,229,#Codepackr #Developer #DevTools #URLs #WebDevelopment #URLEncoderDecoder #Encoder #Decoder,"CODEPACKR.COM
URL Encoder & Decoder
Encode and decode URL parameters and query strings safely
FREE TOOL
Runs in your browser","Create a square 1:1 social-media promotional graphic for Codepackr.com featuring URL Encoder & Decoder. Use the attached Codepackr reference images only as branding inspiration, not as a copy. Dark modern developer-tool aesthetic, deep navy/black background, orange/yellow Codepackr accent, white clean typography, subtle visual elements related to URL Encoder & Decoder, strong mobile readability, generous spacing, professional SaaS/developer-tool style. Include exactly these main text elements: CODEPACKR.COM, URL Encoder & Decoder, Encode and decode URL parameters and query strings safely, FREE TOOL, Runs in your browser. Do not add hashtags, long paragraphs, fake statistics, fake UI, or unsupported claims. No spelling errors."
39,HTML Entity Encoder & Decoder,https://www.codepackr.com/html-entity-encoder,"HTML Entity Encoder & Decoder: one less developer task to handle manually.

Convert special characters to HTML entities and back. Codepackr gives you a simple browser-based way to get the job done quickly, without adding another tool to your local setup.

Try it here: https://www.codepackr.com/html-entity-encoder

#Codepackr #Developer #DevTools #HTML #Frontend #HTMLEntityEncoderDecoder #Encoder #Decoder",HTML Entity Encoder & Decoder: Convert special characters to HTML entities and back. Try it free: https://www.codepackr.com/html-entity-encoder #Codepackr #Developer #DevTools #HTML #Frontend #HTMLEntityEncoderDecoder #Encoder #Decoder,235,#Codepackr #Developer #DevTools #HTML #Frontend #HTMLEntityEncoderDecoder #Encoder #Decoder,"CODEPACKR.COM
HTML Entity Encoder & Decoder
Convert special characters to HTML entities and back
FREE TOOL
Runs in your browser","Create a square 1:1 social-media promotional graphic for Codepackr.com featuring HTML Entity Encoder & Decoder. Use the attached Codepackr reference images only as branding inspiration, not as a copy. Dark modern developer-tool aesthetic, deep navy/black background, orange/yellow Codepackr accent, white clean typography, subtle visual elements related to HTML Entity Encoder & Decoder, strong mobile readability, generous spacing, professional SaaS/developer-tool style. Include exactly these main text elements: CODEPACKR.COM, HTML Entity Encoder & Decoder, Convert special characters to HTML entities and back, FREE TOOL, Runs in your browser. Do not add hashtags, long paragraphs, fake statistics, fake UI, or unsupported claims. No spelling errors."
40,JWT Decoder,https://www.codepackr.com/jwt-decoder,"JWT Decoder: one less developer task to handle manually.

Decode JSON Web Tokens without transmitting your secret keys. Codepackr gives you a simple browser-based way to get the job done quickly, without adding another tool to your local setup.

Try it here: https://www.codepackr.com/jwt-decoder

#Codepackr #Developer #DevTools #JWT #Authentication #JWTDecoder #Decoder",JWT Decoder: Decode JSON Web Tokens without transmitting your secret keys. Try it free: https://www.codepackr.com/jwt-decoder #Codepackr #Developer #DevTools #JWT #Authentication #JWTDecoder #Decoder,199,#Codepackr #Developer #DevTools #JWT #Authentication #JWTDecoder #Decoder,"CODEPACKR.COM
JWT Decoder
Decode JSON Web Tokens without transmitting your secret keys
FREE TOOL
Runs in your browser","Create a square 1:1 social-media promotional graphic for Codepackr.com featuring JWT Decoder. Use the attached Codepackr reference images only as branding inspiration, not as a copy. Dark modern developer-tool aesthetic, deep navy/black background, orange/yellow Codepackr accent, white clean typography, subtle visual elements related to JWT Decoder, strong mobile readability, generous spacing, professional SaaS/developer-tool style. Include exactly these main text elements: CODEPACKR.COM, JWT Decoder, Decode JSON Web Tokens without transmitting your secret keys, FREE TOOL, Runs in your browser. Do not add hashtags, long paragraphs, fake statistics, fake UI, or unsupported claims. No spelling errors."
41,"Hash Generator (MD5, SHA-1, SHA-256)",https://www.codepackr.com/hash-generator,"Hash Generator (MD5, SHA-1, SHA-256): one less developer task to handle manually.

Generate secure cryptographic hashes for text and data. Codepackr gives you a simple browser-based way to get the job done quickly, without adding another tool to your local setup.

Try it here: https://www.codepackr.com/hash-generator

#Codepackr #Developer #DevTools #Security #Cryptography #HashGenerator #Generator","Hash Generator (MD5, SHA-1, SHA-256): Generate secure cryptographic hashes for text and data. Try it free: https://www.codepackr.com/hash-generator #Codepackr #Developer #DevTools #Security #Cryptography #HashGenerator #Generator",229,#Codepackr #Developer #DevTools #Security #Cryptography #HashGenerator #Generator,"CODEPACKR.COM
Hash Generator (MD5, SHA-1, SHA-256)
Generate secure cryptographic hashes for text and data
FREE TOOL
Runs in your browser","Create a square 1:1 social-media promotional graphic for Codepackr.com featuring Hash Generator (MD5, SHA-1, SHA-256). Use the attached Codepackr reference images only as branding inspiration, not as a copy. Dark modern developer-tool aesthetic, deep navy/black background, orange/yellow Codepackr accent, white clean typography, subtle visual elements related to Hash Generator (MD5, SHA-1, SHA-256), strong mobile readability, generous spacing, professional SaaS/developer-tool style. Include exactly these main text elements: CODEPACKR.COM, Hash Generator (MD5, SHA-1, SHA-256), Generate secure cryptographic hashes for text and data, FREE TOOL, Runs in your browser. Do not add hashtags, long paragraphs, fake statistics, fake UI, or unsupported claims. No spelling errors."
42,HMAC Generator & Authenticator,https://www.codepackr.com/hmac-generator,"HMAC Generator & Authenticator: one less developer task to handle manually.

Generate keyed-hash message authentication codes (HMAC) using SHA-256 and SHA-512. Codepackr gives you a simple browser-based way to get the job done quickly, without adding another tool to your local setup.

Try it here: https://www.codepackr.com/hmac-generator

#Codepackr #Developer #DevTools #HMAC #Cryptography #HMACGenerator #Generator #Security",HMAC Generator & Authenticator: Generate keyed-hash message authentication codes (HMAC) using SHA-256 and SHA-512. Try it free: https://www.codepackr.com/hmac-generator #Codepackr #Developer #DevTools #HMAC #Cryptography #HMACGenerator #Generator #Security,256,#Codepackr #Developer #DevTools #HMAC #Cryptography #HMACGenerator #Generator #Security,"CODEPACKR.COM
HMAC Generator & Authenticator
Generate keyed-hash message authentication codes (HMAC) using SHA-256 and SHA-512
FREE TOOL
Runs in your browser","Create a square 1:1 social-media promotional graphic for Codepackr.com featuring HMAC Generator & Authenticator. Use the attached Codepackr reference images only as branding inspiration, not as a copy. Dark modern developer-tool aesthetic, deep navy/black background, orange/yellow Codepackr accent, white clean typography, subtle visual elements related to HMAC Generator & Authenticator, strong mobile readability, generous spacing, professional SaaS/developer-tool style. Include exactly these main text elements: CODEPACKR.COM, HMAC Generator & Authenticator, Generate keyed-hash message authentication codes (HMAC) using SHA-256 and SHA-512, FREE TOOL, Runs in your browser. Do not add hashtags, long paragraphs, fake statistics, fake UI, or unsupported claims. No spelling errors."
43,CRC32 Checksum Generator,https://www.codepackr.com/crc32-checksum-generator,"CRC32 Checksum Generator: one less developer task to handle manually.

Compute 32-bit cyclic redundancy check (CRC32) checksums for text and data files. Codepackr gives you a simple browser-based way to get the job done quickly, without adding another tool to your local setup.

Try it here: https://www.codepackr.com/crc32-checksum-generator

#Codepackr #Developer #DevTools #CRC32 #Checksum #Integrity #Programming",CRC32 Checksum Generator: Compute 32-bit cyclic redundancy check (CRC32) checksums for text and data files. Try it free: https://www.codepackr.com/crc32-checksum-generator #Codepackr #Developer #DevTools #CRC32 #Checksum #Integrity #Programming,244,#Codepackr #Developer #DevTools #CRC32 #Checksum #Integrity #Programming,"CODEPACKR.COM
CRC32 Checksum Generator
Compute 32-bit cyclic redundancy check (CRC32) checksums for text and data files
FREE TOOL
Runs in your browser","Create a square 1:1 social-media promotional graphic for Codepackr.com featuring CRC32 Checksum Generator. Use the attached Codepackr reference images only as branding inspiration, not as a copy. Dark modern developer-tool aesthetic, deep navy/black background, orange/yellow Codepackr accent, white clean typography, subtle visual elements related to CRC32 Checksum Generator, strong mobile readability, generous spacing, professional SaaS/developer-tool style. Include exactly these main text elements: CODEPACKR.COM, CRC32 Checksum Generator, Compute 32-bit cyclic redundancy check (CRC32) checksums for text and data files, FREE TOOL, Runs in your browser. Do not add hashtags, long paragraphs, fake statistics, fake UI, or unsupported claims. No spelling errors."
44,JWT Inspector & Validator,https://www.codepackr.com/jwt-inspector,"JWT Inspector & Validator: one less developer task to handle manually.

Inspect, decode, and validate JSON Web Token (JWT) headers, payloads, signatures, and expiration in browser memory. Codepackr gives you a simple browser-based way to get the job done quickly, without adding another tool to your local setup.

Try it here: https://www.codepackr.com/jwt-inspector

#Codepackr #Developer #DevTools #JWT #OAuth2 #WebSecurity #Authentication","JWT Inspector & Validator: Inspect, decode, and validate JSON Web Token (JWT) headers, payloads, signatures, and expiration in browser memory. Try it free: https://www.codepackr.com/jwt-inspector #Codepackr #Developer #DevTools #JWT #OAuth2 #WebSecurity #Authentication",269,#Codepackr #Developer #DevTools #JWT #OAuth2 #WebSecurity #Authentication,"CODEPACKR.COM
JWT Inspector & Validator
Inspect, decode, and validate JSON Web Token (JWT) headers, payloads, signatures, and expiration in browser memory
FREE TOOL
Runs in your browser","Create a square 1:1 social-media promotional graphic for Codepackr.com featuring JWT Inspector & Validator. Use the attached Codepackr reference images only as branding inspiration, not as a copy. Dark modern developer-tool aesthetic, deep navy/black background, orange/yellow Codepackr accent, white clean typography, subtle visual elements related to JWT Inspector & Validator, strong mobile readability, generous spacing, professional SaaS/developer-tool style. Include exactly these main text elements: CODEPACKR.COM, JWT Inspector & Validator, Inspect, decode, and validate JSON Web Token (JWT) headers, payloads, signatures, and expiration in browser memory, FREE TOOL, Runs in your browser. Do not add hashtags, long paragraphs, fake statistics, fake UI, or unsupported claims. No spelling errors."
45,OAuth 2.0 PKCE Generator,https://www.codepackr.com/pkce-generator,"OAuth 2.0 PKCE Generator: one less developer task to handle manually.

Generate cryptographically secure OAuth 2.0 PKCE code verifiers and SHA-256 code challenges locally in browser. Codepackr gives you a simple browser-based way to get the job done quickly, without adding another tool to your local setup.

Try it here: https://www.codepackr.com/pkce-generator

#Codepackr #Developer #DevTools #OAuth2 #PKCE #Security #Auth #WebSecurity",OAuth 2.0 PKCE Generator: Generate cryptographically secure OAuth 2.0 PKCE code verifiers and SHA-256 code challenges locally in browser. Try it free: https://www.codepackr.com/pkce-generator #Codepackr #Developer #DevTools #OAuth2 #PKCE #Security #Auth #WebSecurity,266,#Codepackr #Developer #DevTools #OAuth2 #PKCE #Security #Auth #WebSecurity,"CODEPACKR.COM
OAuth 2.0 PKCE Generator
Generate cryptographically secure OAuth 2.0 PKCE code verifiers and SHA-256 code challenges locally in browser
FREE TOOL
Runs in your browser","Create a square 1:1 social-media promotional graphic for Codepackr.com featuring OAuth 2.0 PKCE Generator. Use the attached Codepackr reference images only as branding inspiration, not as a copy. Dark modern developer-tool aesthetic, deep navy/black background, orange/yellow Codepackr accent, white clean typography, subtle visual elements related to OAuth 2.0 PKCE Generator, strong mobile readability, generous spacing, professional SaaS/developer-tool style. Include exactly these main text elements: CODEPACKR.COM, OAuth 2.0 PKCE Generator, Generate cryptographically secure OAuth 2.0 PKCE code verifiers and SHA-256 code challenges locally in browser, FREE TOOL, Runs in your browser. Do not add hashtags, long paragraphs, fake statistics, fake UI, or unsupported claims. No spelling errors."
46,"Syntax, Schema & Diff Validators Suite",https://www.codepackr.com/validators,"Syntax, Schema & Diff Validators Suite: one less developer task to handle manually.

Validate JSON syntax, XSD schemas, regex patterns, text diffs, and structured documents. Codepackr gives you a simple browser-based way to get the job done quickly, without adding another tool to your local setup.

Try it here: https://www.codepackr.com/validators

#Codepackr #Developer #DevTools #Validation #DataIntegrity #DiffChecker #Regex #CodeQuality","Syntax, Schema & Diff Validators Suite: Validate JSON syntax, XSD schemas, regex patterns, text diffs, and structured documents. Try it free: https://www.codepackr.com/validators #Codepackr #Developer #DevTools #Validation #DataIntegrity #DiffChecker #Regex #CodeQuality",270,#Codepackr #Developer #DevTools #Validation #DataIntegrity #DiffChecker #Regex #CodeQuality,"CODEPACKR.COM
Syntax, Schema & Diff Validators Suite
Validate JSON syntax, XSD schemas, regex patterns, text diffs, and structured documents
FREE TOOL
Runs in your browser","Create a square 1:1 social-media promotional graphic for Codepackr.com featuring Syntax, Schema & Diff Validators Suite. Use the attached Codepackr reference images only as branding inspiration, not as a copy. Dark modern developer-tool aesthetic, deep navy/black background, orange/yellow Codepackr accent, white clean typography, subtle visual elements related to Syntax, Schema & Diff Validators Suite, strong mobile readability, generous spacing, professional SaaS/developer-tool style. Include exactly these main text elements: CODEPACKR.COM, Syntax, Schema & Diff Validators Suite, Validate JSON syntax, XSD schemas, regex patterns, text diffs, and structured documents, FREE TOOL, Runs in your browser. Do not add hashtags, long paragraphs, fake statistics, fake UI, or unsupported claims. No spelling errors."
47,OpenAPI / Swagger Spec Viewer,https://www.codepackr.com/openapi-validator,"OpenAPI / Swagger Spec Viewer: one less developer task to handle manually.

Validate, parse, and inspect structural syntax and endpoint paths for OpenAPI 3.0 and Swagger API specifications. Codepackr gives you a simple browser-based way to get the job done quickly, without adding another tool to your local setup.

Try it here: https://www.codepackr.com/openapi-validator

#Codepackr #Developer #DevTools #OpenAPI #Swagger #API #RestAPI #APIDesign","OpenAPI / Swagger Spec Viewer: Validate, parse, and inspect structural syntax and endpoint paths for OpenAPI 3.0 and Swagger API specifications. Try it free: https://www.codepackr.com/openapi-validator #Codepackr #Developer #DevTools #OpenAPI #Swagger #API #RestAPI #APIDesign",276,#Codepackr #Developer #DevTools #OpenAPI #Swagger #API #RestAPI #APIDesign,"CODEPACKR.COM
OpenAPI / Swagger Spec Viewer
Validate, parse, and inspect structural syntax and endpoint paths for OpenAPI 3.0 and Swagger API specifications
FREE TOOL
Runs in your browser","Create a square 1:1 social-media promotional graphic for Codepackr.com featuring OpenAPI / Swagger Spec Viewer. Use the attached Codepackr reference images only as branding inspiration, not as a copy. Dark modern developer-tool aesthetic, deep navy/black background, orange/yellow Codepackr accent, white clean typography, subtle visual elements related to OpenAPI / Swagger Spec Viewer, strong mobile readability, generous spacing, professional SaaS/developer-tool style. Include exactly these main text elements: CODEPACKR.COM, OpenAPI / Swagger Spec Viewer, Validate, parse, and inspect structural syntax and endpoint paths for OpenAPI 3.0 and Swagger API specifications, FREE TOOL, Runs in your browser. Do not add hashtags, long paragraphs, fake statistics, fake UI, or unsupported claims. No spelling errors."
48,Docker & Kubernetes YAML Linter,https://www.codepackr.com/docker-k8s-validator,"Docker & Kubernetes YAML Linter: one less developer task to handle manually.

Lint, validate, and verify structural syntax for Docker Compose and Kubernetes YAML resource manifests. Codepackr gives you a simple browser-based way to get the job done quickly, without adding another tool to your local setup.

Try it here: https://www.codepackr.com/docker-k8s-validator

#Codepackr #Developer #DevTools #Docker #Kubernetes #K8s #DevOps #YAML #CloudNative","Docker & Kubernetes YAML Linter: Lint, validate, and verify structural syntax for Docker Compose and Kubernetes YAML resource manifests. Try it free: https://www.codepackr.com/docker-k8s-validator #Codepackr #Developer #DevTools #Docker #Kubernetes #K8s #DevOps #YAML #CloudNative",280,#Codepackr #Developer #DevTools #Docker #Kubernetes #K8s #DevOps #YAML #CloudNative,"CODEPACKR.COM
Docker & Kubernetes YAML Linter
Lint, validate, and verify structural syntax for Docker Compose and Kubernetes YAML resource manifests
FREE TOOL
Runs in your browser","Create a square 1:1 social-media promotional graphic for Codepackr.com featuring Docker & Kubernetes YAML Linter. Use the attached Codepackr reference images only as branding inspiration, not as a copy. Dark modern developer-tool aesthetic, deep navy/black background, orange/yellow Codepackr accent, white clean typography, subtle visual elements related to Docker & Kubernetes YAML Linter, strong mobile readability, generous spacing, professional SaaS/developer-tool style. Include exactly these main text elements: CODEPACKR.COM, Docker & Kubernetes YAML Linter, Lint, validate, and verify structural syntax for Docker Compose and Kubernetes YAML resource manifests, FREE TOOL, Runs in your browser. Do not add hashtags, long paragraphs, fake statistics, fake UI, or unsupported claims. No spelling errors."
49,JSON Validator,https://www.codepackr.com/json-validator,"JSON Validator: one less developer task to handle manually.

Validate JSON syntax with detailed error messages and line pointers. Codepackr gives you a simple browser-based way to get the job done quickly, without adding another tool to your local setup.

Try it here: https://www.codepackr.com/json-validator

#Codepackr #Developer #DevTools #JSON #Debugging #JSONValidator #Validator",JSON Validator: Validate JSON syntax with detailed error messages and line pointers. Try it free: https://www.codepackr.com/json-validator #Codepackr #Developer #DevTools #JSON #Debugging #JSONValidator #Validator,213,#Codepackr #Developer #DevTools #JSON #Debugging #JSONValidator #Validator,"CODEPACKR.COM
JSON Validator
Validate JSON syntax with detailed error messages and line pointers
FREE TOOL
Runs in your browser","Create a square 1:1 social-media promotional graphic for Codepackr.com featuring JSON Validator. Use the attached Codepackr reference images only as branding inspiration, not as a copy. Dark modern developer-tool aesthetic, deep navy/black background, orange/yellow Codepackr accent, white clean typography, subtle visual elements related to JSON Validator, strong mobile readability, generous spacing, professional SaaS/developer-tool style. Include exactly these main text elements: CODEPACKR.COM, JSON Validator, Validate JSON syntax with detailed error messages and line pointers, FREE TOOL, Runs in your browser. Do not add hashtags, long paragraphs, fake statistics, fake UI, or unsupported claims. No spelling errors."
50,Regex Tester & Debugger,https://www.codepackr.com/regex-tester,"Regex Tester & Debugger: one less developer task to handle manually.

Test and debug regular expressions with live syntax highlighting and match groups. Codepackr gives you a simple browser-based way to get the job done quickly, without adding another tool to your local setup.

Try it here: https://www.codepackr.com/regex-tester

#Codepackr #Developer #DevTools #Regex #Programming #RegexTesterDebugger #Tester #Debugger",Regex Tester & Debugger: Test and debug regular expressions with live syntax highlighting and match groups. Try it free: https://www.codepackr.com/regex-tester #Codepackr #Developer #DevTools #Regex #Programming #RegexTesterDebugger #Tester #Debugger,250,#Codepackr #Developer #DevTools #Regex #Programming #RegexTesterDebugger #Tester #Debugger,"CODEPACKR.COM
Regex Tester & Debugger
Test and debug regular expressions with live syntax highlighting and match groups
FREE TOOL
Runs in your browser","Create a square 1:1 social-media promotional graphic for Codepackr.com featuring Regex Tester & Debugger. Use the attached Codepackr reference images only as branding inspiration, not as a copy. Dark modern developer-tool aesthetic, deep navy/black background, orange/yellow Codepackr accent, white clean typography, subtle visual elements related to Regex Tester & Debugger, strong mobile readability, generous spacing, professional SaaS/developer-tool style. Include exactly these main text elements: CODEPACKR.COM, Regex Tester & Debugger, Test and debug regular expressions with live syntax highlighting and match groups, FREE TOOL, Runs in your browser. Do not add hashtags, long paragraphs, fake statistics, fake UI, or unsupported claims. No spelling errors."
51,Diff Checker,https://www.codepackr.com/diff-checker,"Diff Checker: one less developer task to handle manually.

Compare two text files or code snippets side by side with color-coded diffs. Codepackr gives you a simple browser-based way to get the job done quickly, without adding another tool to your local setup.

Try it here: https://www.codepackr.com/diff-checker

#Codepackr #Developer #DevTools #Diff #CodeReview #DiffChecker #Checker",Diff Checker: Compare two text files or code snippets side by side with color-coded diffs. Try it free: https://www.codepackr.com/diff-checker #Codepackr #Developer #DevTools #Diff #CodeReview #DiffChecker #Checker,214,#Codepackr #Developer #DevTools #Diff #CodeReview #DiffChecker #Checker,"CODEPACKR.COM
Diff Checker
Compare two text files or code snippets side by side with color-coded diffs
FREE TOOL
Runs in your browser","Create a square 1:1 social-media promotional graphic for Codepackr.com featuring Diff Checker. Use the attached Codepackr reference images only as branding inspiration, not as a copy. Dark modern developer-tool aesthetic, deep navy/black background, orange/yellow Codepackr accent, white clean typography, subtle visual elements related to Diff Checker, strong mobile readability, generous spacing, professional SaaS/developer-tool style. Include exactly these main text elements: CODEPACKR.COM, Diff Checker, Compare two text files or code snippets side by side with color-coded diffs, FREE TOOL, Runs in your browser. Do not add hashtags, long paragraphs, fake statistics, fake UI, or unsupported claims. No spelling errors."
52,Data & File Format Converters Suite,https://www.codepackr.com/converters,"Data & File Format Converters Suite: one less developer task to handle manually.

Convert between JSON, XML, CSV, YAML, Markdown, cURL commands, and images effortlessly. Codepackr gives you a simple browser-based way to get the job done quickly, without adding another tool to your local setup.

Try it here: https://www.codepackr.com/converters

#Codepackr #Developer #DevTools #DataConversion #JSON #XML #CSV #YAML #Productivity","Data & File Format Converters Suite: Convert between JSON, XML, CSV, YAML, Markdown, cURL commands, and images effortlessly. Try it free: https://www.codepackr.com/converters #Codepackr #Developer #DevTools #DataConversion #JSON #XML #CSV #YAML #Productivity",258,#Codepackr #Developer #DevTools #DataConversion #JSON #XML #CSV #YAML #Productivity,"CODEPACKR.COM
Data & File Format Converters Suite
Convert between JSON, XML, CSV, YAML, Markdown, cURL commands, and images effortlessly
FREE TOOL
Runs in your browser","Create a square 1:1 social-media promotional graphic for Codepackr.com featuring Data & File Format Converters Suite. Use the attached Codepackr reference images only as branding inspiration, not as a copy. Dark modern developer-tool aesthetic, deep navy/black background, orange/yellow Codepackr accent, white clean typography, subtle visual elements related to Data & File Format Converters Suite, strong mobile readability, generous spacing, professional SaaS/developer-tool style. Include exactly these main text elements: CODEPACKR.COM, Data & File Format Converters Suite, Convert between JSON, XML, CSV, YAML, Markdown, cURL commands, and images effortlessly, FREE TOOL, Runs in your browser. Do not add hashtags, long paragraphs, fake statistics, fake UI, or unsupported claims. No spelling errors."
53,JSON to XML Converter,https://www.codepackr.com/json-to-xml,"JSON to XML Converter: one less developer task to handle manually.

Convert JSON structures to valid, formatted XML documents. Codepackr gives you a simple browser-based way to get the job done quickly, without adding another tool to your local setup.

Try it here: https://www.codepackr.com/json-to-xml

#Codepackr #Developer #DevTools #JSON #XML #JSONtoXMLConverter #Converter","JSON to XML Converter: Convert JSON structures to valid, formatted XML documents. Try it free: https://www.codepackr.com/json-to-xml #Codepackr #Developer #DevTools #JSON #XML #JSONtoXMLConverter #Converter",206,#Codepackr #Developer #DevTools #JSON #XML #JSONtoXMLConverter #Converter,"CODEPACKR.COM
JSON to XML Converter
Convert JSON structures to valid, formatted XML documents
FREE TOOL
Runs in your browser","Create a square 1:1 social-media promotional graphic for Codepackr.com featuring JSON to XML Converter. Use the attached Codepackr reference images only as branding inspiration, not as a copy. Dark modern developer-tool aesthetic, deep navy/black background, orange/yellow Codepackr accent, white clean typography, subtle visual elements related to JSON to XML Converter, strong mobile readability, generous spacing, professional SaaS/developer-tool style. Include exactly these main text elements: CODEPACKR.COM, JSON to XML Converter, Convert JSON structures to valid, formatted XML documents, FREE TOOL, Runs in your browser. Do not add hashtags, long paragraphs, fake statistics, fake UI, or unsupported claims. No spelling errors."
54,XML to JSON Converter,https://www.codepackr.com/xml-to-json,"XML to JSON Converter: one less developer task to handle manually.

Convert XML documents into readable JSON objects and arrays. Codepackr gives you a simple browser-based way to get the job done quickly, without adding another tool to your local setup.

Try it here: https://www.codepackr.com/xml-to-json

#Codepackr #Developer #DevTools #XML #JSON #XMLtoJSONConverter #Converter",XML to JSON Converter: Convert XML documents into readable JSON objects and arrays. Try it free: https://www.codepackr.com/xml-to-json #Codepackr #Developer #DevTools #XML #JSON #XMLtoJSONConverter #Converter,208,#Codepackr #Developer #DevTools #XML #JSON #XMLtoJSONConverter #Converter,"CODEPACKR.COM
XML to JSON Converter
Convert XML documents into readable JSON objects and arrays
FREE TOOL
Runs in your browser","Create a square 1:1 social-media promotional graphic for Codepackr.com featuring XML to JSON Converter. Use the attached Codepackr reference images only as branding inspiration, not as a copy. Dark modern developer-tool aesthetic, deep navy/black background, orange/yellow Codepackr accent, white clean typography, subtle visual elements related to XML to JSON Converter, strong mobile readability, generous spacing, professional SaaS/developer-tool style. Include exactly these main text elements: CODEPACKR.COM, XML to JSON Converter, Convert XML documents into readable JSON objects and arrays, FREE TOOL, Runs in your browser. Do not add hashtags, long paragraphs, fake statistics, fake UI, or unsupported claims. No spelling errors."
55,JSON to CSV Converter,https://www.codepackr.com/json-to-csv,"JSON to CSV Converter: one less developer task to handle manually.

Export JSON data to CSV spreadsheets and tables. Codepackr gives you a simple browser-based way to get the job done quickly, without adding another tool to your local setup.

Try it here: https://www.codepackr.com/json-to-csv

#Codepackr #Developer #DevTools #JSON #CSV #JSONtoCSVConverter #Converter",JSON to CSV Converter: Export JSON data to CSV spreadsheets and tables. Try it free: https://www.codepackr.com/json-to-csv #Codepackr #Developer #DevTools #JSON #CSV #JSONtoCSVConverter #Converter,196,#Codepackr #Developer #DevTools #JSON #CSV #JSONtoCSVConverter #Converter,"CODEPACKR.COM
JSON to CSV Converter
Export JSON data to CSV spreadsheets and tables
FREE TOOL
Runs in your browser","Create a square 1:1 social-media promotional graphic for Codepackr.com featuring JSON to CSV Converter. Use the attached Codepackr reference images only as branding inspiration, not as a copy. Dark modern developer-tool aesthetic, deep navy/black background, orange/yellow Codepackr accent, white clean typography, subtle visual elements related to JSON to CSV Converter, strong mobile readability, generous spacing, professional SaaS/developer-tool style. Include exactly these main text elements: CODEPACKR.COM, JSON to CSV Converter, Export JSON data to CSV spreadsheets and tables, FREE TOOL, Runs in your browser. Do not add hashtags, long paragraphs, fake statistics, fake UI, or unsupported claims. No spelling errors."
56,CSV to JSON Converter,https://www.codepackr.com/csv-to-json,"CSV to JSON Converter: one less developer task to handle manually.

Convert CSV spreadsheets to structured JSON data. Codepackr gives you a simple browser-based way to get the job done quickly, without adding another tool to your local setup.

Try it here: https://www.codepackr.com/csv-to-json

#Codepackr #Developer #DevTools #CSV #JSON #CSVtoJSONConverter #Converter",CSV to JSON Converter: Convert CSV spreadsheets to structured JSON data. Try it free: https://www.codepackr.com/csv-to-json #Codepackr #Developer #DevTools #CSV #JSON #CSVtoJSONConverter #Converter,197,#Codepackr #Developer #DevTools #CSV #JSON #CSVtoJSONConverter #Converter,"CODEPACKR.COM
CSV to JSON Converter
Convert CSV spreadsheets to structured JSON data
FREE TOOL
Runs in your browser","Create a square 1:1 social-media promotional graphic for Codepackr.com featuring CSV to JSON Converter. Use the attached Codepackr reference images only as branding inspiration, not as a copy. Dark modern developer-tool aesthetic, deep navy/black background, orange/yellow Codepackr accent, white clean typography, subtle visual elements related to CSV to JSON Converter, strong mobile readability, generous spacing, professional SaaS/developer-tool style. Include exactly these main text elements: CODEPACKR.COM, CSV to JSON Converter, Convert CSV spreadsheets to structured JSON data, FREE TOOL, Runs in your browser. Do not add hashtags, long paragraphs, fake statistics, fake UI, or unsupported claims. No spelling errors."
57,YAML to JSON Converter,https://www.codepackr.com/yaml-to-json,"YAML to JSON Converter: one less developer task to handle manually.

Convert YAML configuration files to JSON format. Codepackr gives you a simple browser-based way to get the job done quickly, without adding another tool to your local setup.

Try it here: https://www.codepackr.com/yaml-to-json

#Codepackr #Developer #DevTools #YAML #JSON #YAMLtoJSONConverter #Converter",YAML to JSON Converter: Convert YAML configuration files to JSON format. Try it free: https://www.codepackr.com/yaml-to-json #Codepackr #Developer #DevTools #YAML #JSON #YAMLtoJSONConverter #Converter,200,#Codepackr #Developer #DevTools #YAML #JSON #YAMLtoJSONConverter #Converter,"CODEPACKR.COM
YAML to JSON Converter
Convert YAML configuration files to JSON format
FREE TOOL
Runs in your browser","Create a square 1:1 social-media promotional graphic for Codepackr.com featuring YAML to JSON Converter. Use the attached Codepackr reference images only as branding inspiration, not as a copy. Dark modern developer-tool aesthetic, deep navy/black background, orange/yellow Codepackr accent, white clean typography, subtle visual elements related to YAML to JSON Converter, strong mobile readability, generous spacing, professional SaaS/developer-tool style. Include exactly these main text elements: CODEPACKR.COM, YAML to JSON Converter, Convert YAML configuration files to JSON format, FREE TOOL, Runs in your browser. Do not add hashtags, long paragraphs, fake statistics, fake UI, or unsupported claims. No spelling errors."
58,JSON to YAML Converter,https://www.codepackr.com/json-to-yaml,"JSON to YAML Converter: one less developer task to handle manually.

Convert JSON data into clean, indented YAML syntax. Codepackr gives you a simple browser-based way to get the job done quickly, without adding another tool to your local setup.

Try it here: https://www.codepackr.com/json-to-yaml

#Codepackr #Developer #DevTools #JSON #YAML #JSONtoYAMLConverter #Converter","JSON to YAML Converter: Convert JSON data into clean, indented YAML syntax. Try it free: https://www.codepackr.com/json-to-yaml #Codepackr #Developer #DevTools #JSON #YAML #JSONtoYAMLConverter #Converter",203,#Codepackr #Developer #DevTools #JSON #YAML #JSONtoYAMLConverter #Converter,"CODEPACKR.COM
JSON to YAML Converter
Convert JSON data into clean, indented YAML syntax
FREE TOOL
Runs in your browser","Create a square 1:1 social-media promotional graphic for Codepackr.com featuring JSON to YAML Converter. Use the attached Codepackr reference images only as branding inspiration, not as a copy. Dark modern developer-tool aesthetic, deep navy/black background, orange/yellow Codepackr accent, white clean typography, subtle visual elements related to JSON to YAML Converter, strong mobile readability, generous spacing, professional SaaS/developer-tool style. Include exactly these main text elements: CODEPACKR.COM, JSON to YAML Converter, Convert JSON data into clean, indented YAML syntax, FREE TOOL, Runs in your browser. Do not add hashtags, long paragraphs, fake statistics, fake UI, or unsupported claims. No spelling errors."
59,Markdown to HTML Converter,https://www.codepackr.com/markdown-to-html,"Markdown to HTML Converter: one less developer task to handle manually.

Convert Markdown content to clean, semantic HTML markup. Codepackr gives you a simple browser-based way to get the job done quickly, without adding another tool to your local setup.

Try it here: https://www.codepackr.com/markdown-to-html

#Codepackr #Developer #DevTools #Markdown #HTML #MarkdowntoHTMLConverter #Converter","Markdown to HTML Converter: Convert Markdown content to clean, semantic HTML markup. Try it free: https://www.codepackr.com/markdown-to-html #Codepackr #Developer #DevTools #Markdown #HTML #MarkdowntoHTMLConverter #Converter",224,#Codepackr #Developer #DevTools #Markdown #HTML #MarkdowntoHTMLConverter #Converter,"CODEPACKR.COM
Markdown to HTML Converter
Convert Markdown content to clean, semantic HTML markup
FREE TOOL
Runs in your browser","Create a square 1:1 social-media promotional graphic for Codepackr.com featuring Markdown to HTML Converter. Use the attached Codepackr reference images only as branding inspiration, not as a copy. Dark modern developer-tool aesthetic, deep navy/black background, orange/yellow Codepackr accent, white clean typography, subtle visual elements related to Markdown to HTML Converter, strong mobile readability, generous spacing, professional SaaS/developer-tool style. Include exactly these main text elements: CODEPACKR.COM, Markdown to HTML Converter, Convert Markdown content to clean, semantic HTML markup, FREE TOOL, Runs in your browser. Do not add hashtags, long paragraphs, fake statistics, fake UI, or unsupported claims. No spelling errors."
60,cURL to Code Converter,https://www.codepackr.com/curl-to-code,"cURL to Code Converter: one less developer task to handle manually.

Convert cURL commands to JavaScript fetch, Python requests, PHP, and Go code. Codepackr gives you a simple browser-based way to get the job done quickly, without adding another tool to your local setup.

Try it here: https://www.codepackr.com/curl-to-code

#Codepackr #Developer #DevTools #cURL #APIs #cURLtoCodeConverter #Converter","cURL to Code Converter: Convert cURL commands to JavaScript fetch, Python requests, PHP, and Go code. Try it free: https://www.codepackr.com/curl-to-code #Codepackr #Developer #DevTools #cURL #APIs #cURLtoCodeConverter #Converter",229,#Codepackr #Developer #DevTools #cURL #APIs #cURLtoCodeConverter #Converter,"CODEPACKR.COM
cURL to Code Converter
Convert cURL commands to JavaScript fetch, Python requests, PHP, and Go code
FREE TOOL
Runs in your browser","Create a square 1:1 social-media promotional graphic for Codepackr.com featuring cURL to Code Converter. Use the attached Codepackr reference images only as branding inspiration, not as a copy. Dark modern developer-tool aesthetic, deep navy/black background, orange/yellow Codepackr accent, white clean typography, subtle visual elements related to cURL to Code Converter, strong mobile readability, generous spacing, professional SaaS/developer-tool style. Include exactly these main text elements: CODEPACKR.COM, cURL to Code Converter, Convert cURL commands to JavaScript fetch, Python requests, PHP, and Go code, FREE TOOL, Runs in your browser. Do not add hashtags, long paragraphs, fake statistics, fake UI, or unsupported claims. No spelling errors."
61,Image Resizer & Optimizer,https://www.codepackr.com/image-resizer,"Image Resizer & Optimizer: one less developer task to handle manually.

Resize and optimize images directly in your browser without uploading files to a server. Codepackr gives you a simple browser-based way to get the job done quickly, without adding another tool to your local setup.

Try it here: https://www.codepackr.com/image-resizer

#Codepackr #Developer #DevTools #Images #Optimization #ImageResizerOptimizer #Resizer #Optimizer",Image Resizer & Optimizer: Resize and optimize images directly in your browser without uploading files to a server. Try it free: https://www.codepackr.com/image-resizer #Codepackr #Developer #DevTools #Images #Optimization #ImageResizerOptimizer #Resizer #Optimizer,265,#Codepackr #Developer #DevTools #Images #Optimization #ImageResizerOptimizer #Resizer #Optimizer,"CODEPACKR.COM
Image Resizer & Optimizer
Resize and optimize images directly in your browser without uploading files to a server
FREE TOOL
Runs in your browser","Create a square 1:1 social-media promotional graphic for Codepackr.com featuring Image Resizer & Optimizer. Use the attached Codepackr reference images only as branding inspiration, not as a copy. Dark modern developer-tool aesthetic, deep navy/black background, orange/yellow Codepackr accent, white clean typography, subtle visual elements related to Image Resizer & Optimizer, strong mobile readability, generous spacing, professional SaaS/developer-tool style. Include exactly these main text elements: CODEPACKR.COM, Image Resizer & Optimizer, Resize and optimize images directly in your browser without uploading files to a server, FREE TOOL, Runs in your browser. Do not add hashtags, long paragraphs, fake statistics, fake UI, or unsupported claims. No spelling errors."
62,Image Format Converter,https://www.codepackr.com/image-format-converter,"Image Format Converter: one less developer task to handle manually.

Convert images between PNG, JPEG, and WebP formats instantly with client-side privacy. Codepackr gives you a simple browser-based way to get the job done quickly, without adding another tool to your local setup.

Try it here: https://www.codepackr.com/image-format-converter

#Codepackr #Developer #DevTools #Images #WebP #ImageFormatConverter #Format #Converter","Image Format Converter: Convert images between PNG, JPEG, and WebP formats instantly with client-side privacy. Try it free: https://www.codepackr.com/image-format-converter #Codepackr #Developer #DevTools #Images #WebP #ImageFormatConverter #Format #Converter",259,#Codepackr #Developer #DevTools #Images #WebP #ImageFormatConverter #Format #Converter,"CODEPACKR.COM
Image Format Converter
Convert images between PNG, JPEG, and WebP formats instantly with client-side privacy
FREE TOOL
Runs in your browser","Create a square 1:1 social-media promotional graphic for Codepackr.com featuring Image Format Converter. Use the attached Codepackr reference images only as branding inspiration, not as a copy. Dark modern developer-tool aesthetic, deep navy/black background, orange/yellow Codepackr accent, white clean typography, subtle visual elements related to Image Format Converter, strong mobile readability, generous spacing, professional SaaS/developer-tool style. Include exactly these main text elements: CODEPACKR.COM, Image Format Converter, Convert images between PNG, JPEG, and WebP formats instantly with client-side privacy, FREE TOOL, Runs in your browser. Do not add hashtags, long paragraphs, fake statistics, fake UI, or unsupported claims. No spelling errors."
63,Image Processing & Optimization Tools Suite,https://www.codepackr.com/image-tools,"Image Processing & Optimization Tools Suite: one less developer task to handle manually.

Merge, resize, compress, strip EXIF metadata, compare image diffs, and generate favicons 100% locally in your browser. Codepackr gives you a simple browser-based way to get the job done quickly, without adding another tool to your local setup.

Try it here: https://www.codepackr.com/image-tools

#Codepackr #Developer #DevTools #ImageTools #Design #WebPerf #Privacy #HTML5Canvas #FrontEnd","Image Processing & Optimization Tools Suite: Merge, resize, compress, strip EXIF metadata, compare image diffs, and generate favicons 100% locally in your browser. Try it free: https://www.codepackr.com/image-tools #Codepackr #Developer #DevTools #ImageTools #Design #WebPerf #Privacy #HTML5Canvas #FrontEnd",307,#Codepackr #Developer #DevTools #ImageTools #Design #WebPerf #Privacy #HTML5Canvas #FrontEnd,"CODEPACKR.COM
Image Processing & Optimization Tools Suite
Merge, resize, compress, strip EXIF metadata, compare image diffs, and generate favicons 100% locally in your browser
FREE TOOL
Runs in your browser","Create a square 1:1 social-media promotional graphic for Codepackr.com featuring Image Processing & Optimization Tools Suite. Use the attached Codepackr reference images only as branding inspiration, not as a copy. Dark modern developer-tool aesthetic, deep navy/black background, orange/yellow Codepackr accent, white clean typography, subtle visual elements related to Image Processing & Optimization Tools Suite, strong mobile readability, generous spacing, professional SaaS/developer-tool style. Include exactly these main text elements: CODEPACKR.COM, Image Processing & Optimization Tools Suite, Merge, resize, compress, strip EXIF metadata, compare image diffs, and generate favicons 100% locally in your browser, FREE TOOL, Runs in your browser. Do not add hashtags, long paragraphs, fake statistics, fake UI, or unsupported claims. No spelling errors."
64,Image Merger & Combiner,https://www.codepackr.com/image-merger,"Image Merger & Combiner: one less developer task to handle manually.

Stitch two images side-by-side or stacked vertically with custom padding, gap spacing, and alignment. Codepackr gives you a simple browser-based way to get the job done quickly, without adding another tool to your local setup.

Try it here: https://www.codepackr.com/image-merger

#Codepackr #Developer #DevTools #ImageMerger #ImageStitching #Design #GraphicDesign #Canvas","Image Merger & Combiner: Stitch two images side-by-side or stacked vertically with custom padding, gap spacing, and alignment. Try it free: https://www.codepackr.com/image-merger #Codepackr #Developer #DevTools #ImageMerger #ImageStitching #Design #GraphicDesign #Canvas",270,#Codepackr #Developer #DevTools #ImageMerger #ImageStitching #Design #GraphicDesign #Canvas,"CODEPACKR.COM
Image Merger & Combiner
Stitch two images side-by-side or stacked vertically with custom padding, gap spacing, and alignment
FREE TOOL
Runs in your browser","Create a square 1:1 social-media promotional graphic for Codepackr.com featuring Image Merger & Combiner. Use the attached Codepackr reference images only as branding inspiration, not as a copy. Dark modern developer-tool aesthetic, deep navy/black background, orange/yellow Codepackr accent, white clean typography, subtle visual elements related to Image Merger & Combiner, strong mobile readability, generous spacing, professional SaaS/developer-tool style. Include exactly these main text elements: CODEPACKR.COM, Image Merger & Combiner, Stitch two images side-by-side or stacked vertically with custom padding, gap spacing, and alignment, FREE TOOL, Runs in your browser. Do not add hashtags, long paragraphs, fake statistics, fake UI, or unsupported claims. No spelling errors."
65,EXIF Metadata Inspector & Stripper,https://www.codepackr.com/image-exif-inspector,"EXIF Metadata Inspector & Stripper: one less developer task to handle manually.

Inspect camera metadata and GPS coordinates, then sanitize images by stripping all EXIF data client-side. Codepackr gives you a simple browser-based way to get the job done quickly, without adding another tool to your local setup.

Try it here: https://www.codepackr.com/image-exif-inspector

#Codepackr #Developer #DevTools #EXIF #Privacy #CyberSecurity #Metadata #Photography","EXIF Metadata Inspector & Stripper: Inspect camera metadata and GPS coordinates, then sanitize images by stripping all EXIF data client-side. Try it free: https://www.codepackr.com/image-exif-inspector #Codepackr #Developer #DevTools #EXIF #Privacy #CyberSecurity #Metadata #Photography",286,#Codepackr #Developer #DevTools #EXIF #Privacy #CyberSecurity #Metadata #Photography,"CODEPACKR.COM
EXIF Metadata Inspector & Stripper
Inspect camera metadata and GPS coordinates, then sanitize images by stripping all EXIF data client-side
FREE TOOL
Runs in your browser","Create a square 1:1 social-media promotional graphic for Codepackr.com featuring EXIF Metadata Inspector & Stripper. Use the attached Codepackr reference images only as branding inspiration, not as a copy. Dark modern developer-tool aesthetic, deep navy/black background, orange/yellow Codepackr accent, white clean typography, subtle visual elements related to EXIF Metadata Inspector & Stripper, strong mobile readability, generous spacing, professional SaaS/developer-tool style. Include exactly these main text elements: CODEPACKR.COM, EXIF Metadata Inspector & Stripper, Inspect camera metadata and GPS coordinates, then sanitize images by stripping all EXIF data client-side, FREE TOOL, Runs in your browser. Do not add hashtags, long paragraphs, fake statistics, fake UI, or unsupported claims. No spelling errors."
66,Side-by-Side Image Comparator,https://www.codepackr.com/image-diff-checker,"Side-by-Side Image Comparator: one less developer task to handle manually.

Compare two images with interactive curtain slider, pixel diff heatmap, and onion-skin blending. Codepackr gives you a simple browser-based way to get the job done quickly, without adding another tool to your local setup.

Try it here: https://www.codepackr.com/image-diff-checker

#Codepackr #Developer #DevTools #ImageDiff #VisualTesting #QA #UIUX #DesignReview","Side-by-Side Image Comparator: Compare two images with interactive curtain slider, pixel diff heatmap, and onion-skin blending. Try it free: https://www.codepackr.com/image-diff-checker #Codepackr #Developer #DevTools #ImageDiff #VisualTesting #QA #UIUX #DesignReview",267,#Codepackr #Developer #DevTools #ImageDiff #VisualTesting #QA #UIUX #DesignReview,"CODEPACKR.COM
Side-by-Side Image Comparator
Compare two images with interactive curtain slider, pixel diff heatmap, and onion-skin blending
FREE TOOL
Runs in your browser","Create a square 1:1 social-media promotional graphic for Codepackr.com featuring Side-by-Side Image Comparator. Use the attached Codepackr reference images only as branding inspiration, not as a copy. Dark modern developer-tool aesthetic, deep navy/black background, orange/yellow Codepackr accent, white clean typography, subtle visual elements related to Side-by-Side Image Comparator, strong mobile readability, generous spacing, professional SaaS/developer-tool style. Include exactly these main text elements: CODEPACKR.COM, Side-by-Side Image Comparator, Compare two images with interactive curtain slider, pixel diff heatmap, and onion-skin blending, FREE TOOL, Runs in your browser. Do not add hashtags, long paragraphs, fake statistics, fake UI, or unsupported claims. No spelling errors."
67,Image Resizer & Compressor,https://www.codepackr.com/image-resizer,"Image Resizer & Compressor: one less developer task to handle manually.

Resize, crop, and compress images with custom dimensions and quality settings directly in the browser. Codepackr gives you a simple browser-based way to get the job done quickly, without adding another tool to your local setup.

Try it here: https://www.codepackr.com/image-resizer

#Codepackr #Developer #DevTools #ImageResizer #ImageCompression #WebPerf #Optimization","Image Resizer & Compressor: Resize, crop, and compress images with custom dimensions and quality settings directly in the browser. Try it free: https://www.codepackr.com/image-resizer #Codepackr #Developer #DevTools #ImageResizer #ImageCompression #WebPerf #Optimization",270,#Codepackr #Developer #DevTools #ImageResizer #ImageCompression #WebPerf #Optimization,"CODEPACKR.COM
Image Resizer & Compressor
Resize, crop, and compress images with custom dimensions and quality settings directly in the browser
FREE TOOL
Runs in your browser","Create a square 1:1 social-media promotional graphic for Codepackr.com featuring Image Resizer & Compressor. Use the attached Codepackr reference images only as branding inspiration, not as a copy. Dark modern developer-tool aesthetic, deep navy/black background, orange/yellow Codepackr accent, white clean typography, subtle visual elements related to Image Resizer & Compressor, strong mobile readability, generous spacing, professional SaaS/developer-tool style. Include exactly these main text elements: CODEPACKR.COM, Image Resizer & Compressor, Resize, crop, and compress images with custom dimensions and quality settings directly in the browser, FREE TOOL, Runs in your browser. Do not add hashtags, long paragraphs, fake statistics, fake UI, or unsupported claims. No spelling errors."
68,Favicon Generator,https://www.codepackr.com/favicon-generator,"Favicon Generator: one less developer task to handle manually.

Generate crisp multi-resolution PNG and ICO web favicons (16x16, 32x32, 48x48, 180x180) from any image. Codepackr gives you a simple browser-based way to get the job done quickly, without adding another tool to your local setup.

Try it here: https://www.codepackr.com/favicon-generator

#Codepackr #Developer #DevTools #Favicon #WebDesign #IconGenerator #WebDevelopment","Favicon Generator: Generate crisp multi-resolution PNG and ICO web favicons (16x16, 32x32, 48x48, 180x180) from any image. Try it free: https://www.codepackr.com/favicon-generator #Codepackr #Developer #DevTools #Favicon #WebDesign #IconGenerator #WebDevelopment",262,#Codepackr #Developer #DevTools #Favicon #WebDesign #IconGenerator #WebDevelopment,"CODEPACKR.COM
Favicon Generator
Generate crisp multi-resolution PNG and ICO web favicons (16x16, 32x32, 48x48, 180x180) from any image
FREE TOOL
Runs in your browser","Create a square 1:1 social-media promotional graphic for Codepackr.com featuring Favicon Generator. Use the attached Codepackr reference images only as branding inspiration, not as a copy. Dark modern developer-tool aesthetic, deep navy/black background, orange/yellow Codepackr accent, white clean typography, subtle visual elements related to Favicon Generator, strong mobile readability, generous spacing, professional SaaS/developer-tool style. Include exactly these main text elements: CODEPACKR.COM, Favicon Generator, Generate crisp multi-resolution PNG and ICO web favicons (16x16, 32x32, 48x48, 180x180) from any image, FREE TOOL, Runs in your browser. Do not add hashtags, long paragraphs, fake statistics, fake UI, or unsupported claims. No spelling errors."
69,Financial & Math Calculators Suite,https://www.codepackr.com/calculators,"Financial & Math Calculators Suite: one less developer task to handle manually.

Calculate loans, monthly EMIs, amortization schedules, SIP returns, percentages, and tips with multi-currency support. Codepackr gives you a simple browser-based way to get the job done quickly, without adding another tool to your local setup.

Try it here: https://www.codepackr.com/calculators

#Codepackr #Developer #DevTools #Finance #Calculators #LoanCalculator #EMI #Investing","Financial & Math Calculators Suite: Calculate loans, monthly EMIs, amortization schedules, SIP returns, percentages, and tips with multi-currency support. Try it free: https://www.codepackr.com/calculators #Codepackr #Developer #DevTools #Finance #Calculators #LoanCalculator #EMI #Investing",291,#Codepackr #Developer #DevTools #Finance #Calculators #LoanCalculator #EMI #Investing,"CODEPACKR.COM
Financial & Math Calculators Suite
Calculate loans, monthly EMIs, amortization schedules, SIP returns, percentages, and tips with multi-currency support
FREE TOOL
Runs in your browser","Create a square 1:1 social-media promotional graphic for Codepackr.com featuring Financial & Math Calculators Suite. Use the attached Codepackr reference images only as branding inspiration, not as a copy. Dark modern developer-tool aesthetic, deep navy/black background, orange/yellow Codepackr accent, white clean typography, subtle visual elements related to Financial & Math Calculators Suite, strong mobile readability, generous spacing, professional SaaS/developer-tool style. Include exactly these main text elements: CODEPACKR.COM, Financial & Math Calculators Suite, Calculate loans, monthly EMIs, amortization schedules, SIP returns, percentages, and tips with multi-currency support, FREE TOOL, Runs in your browser. Do not add hashtags, long paragraphs, fake statistics, fake UI, or unsupported claims. No spelling errors."
70,Loan & EMI Calculator,https://www.codepackr.com/loan-calculator,"Loan & EMI Calculator: one less developer task to handle manually.

Calculate monthly loan EMI payments, total interest, and full amortization schedules in your preferred currency. Codepackr gives you a simple browser-based way to get the job done quickly, without adding another tool to your local setup.

Try it here: https://www.codepackr.com/loan-calculator

#Codepackr #Developer #DevTools #Finance #Mortgage #LoanCalculator #EMI #Interest","Loan & EMI Calculator: Calculate monthly loan EMI payments, total interest, and full amortization schedules in your preferred currency. Try it free: https://www.codepackr.com/loan-calculator #Codepackr #Developer #DevTools #Finance #Mortgage #LoanCalculator #EMI #Interest",272,#Codepackr #Developer #DevTools #Finance #Mortgage #LoanCalculator #EMI #Interest,"CODEPACKR.COM
Loan & EMI Calculator
Calculate monthly loan EMI payments, total interest, and full amortization schedules in your preferred currency
FREE TOOL
Runs in your browser","Create a square 1:1 social-media promotional graphic for Codepackr.com featuring Loan & EMI Calculator. Use the attached Codepackr reference images only as branding inspiration, not as a copy. Dark modern developer-tool aesthetic, deep navy/black background, orange/yellow Codepackr accent, white clean typography, subtle visual elements related to Loan & EMI Calculator, strong mobile readability, generous spacing, professional SaaS/developer-tool style. Include exactly these main text elements: CODEPACKR.COM, Loan & EMI Calculator, Calculate monthly loan EMI payments, total interest, and full amortization schedules in your preferred currency, FREE TOOL, Runs in your browser. Do not add hashtags, long paragraphs, fake statistics, fake UI, or unsupported claims. No spelling errors."
71,SIP Calculator,https://www.codepackr.com/sip-calculator,"SIP Calculator: one less developer task to handle manually.

Calculate future wealth and expected returns for Systematic Investment Plans and mutual funds in any currency with interactive compounding graphs. Codepackr gives you a simple browser-based way to get the job done quickly, without adding another tool to your local setup.

Try it here: https://www.codepackr.com/sip-calculator

#Codepackr #Developer #DevTools #Finance #Investing #SIPCalculator #MutualFunds #Wealth",SIP Calculator: Calculate future wealth and expected returns for Systematic Investment Plans and mutual funds in any currency with interactive compounding graphs. Try it free: https://www.codepackr.com/sip-calculator #Codepackr #Developer #DevTools #Finance #Investing #SIPCalculator #MutualFunds #Wealth,304,#Codepackr #Developer #DevTools #Finance #Investing #SIPCalculator #MutualFunds #Wealth,"CODEPACKR.COM
SIP Calculator
Calculate future wealth and expected returns for Systematic Investment Plans and mutual funds in any currency with interactive compounding graphs
FREE TOOL
Runs in your browser","Create a square 1:1 social-media promotional graphic for Codepackr.com featuring SIP Calculator. Use the attached Codepackr reference images only as branding inspiration, not as a copy. Dark modern developer-tool aesthetic, deep navy/black background, orange/yellow Codepackr accent, white clean typography, subtle visual elements related to SIP Calculator, strong mobile readability, generous spacing, professional SaaS/developer-tool style. Include exactly these main text elements: CODEPACKR.COM, SIP Calculator, Calculate future wealth and expected returns for Systematic Investment Plans and mutual funds in any currency with interactive compounding graphs, FREE TOOL, Runs in your browser. Do not add hashtags, long paragraphs, fake statistics, fake UI, or unsupported claims. No spelling errors."
72,Investment Calculator,https://www.codepackr.com/investment-calculator,"Investment Calculator: one less developer task to handle manually.

Calculate exponential investment growth, custom deposit frequencies, compound returns, and visual balance timelines. Codepackr gives you a simple browser-based way to get the job done quickly, without adding another tool to your local setup.

Try it here: https://www.codepackr.com/investment-calculator

#Codepackr #Developer #DevTools #Finance #Investing #InvestmentCalculator #WealthBuilding #Calculators","Investment Calculator: Calculate exponential investment growth, custom deposit frequencies, compound returns, and visual balance timelines. Try it free: https://www.codepackr.com/investment-calculator #Codepackr #Developer #DevTools #Finance #Investing #InvestmentCalculator #WealthBuilding #Calculators",303,#Codepackr #Developer #DevTools #Finance #Investing #InvestmentCalculator #WealthBuilding #Calculators,"CODEPACKR.COM
Investment Calculator
Calculate exponential investment growth, custom deposit frequencies, compound returns, and visual balance timelines
FREE TOOL
Runs in your browser","Create a square 1:1 social-media promotional graphic for Codepackr.com featuring Investment Calculator. Use the attached Codepackr reference images only as branding inspiration, not as a copy. Dark modern developer-tool aesthetic, deep navy/black background, orange/yellow Codepackr accent, white clean typography, subtle visual elements related to Investment Calculator, strong mobile readability, generous spacing, professional SaaS/developer-tool style. Include exactly these main text elements: CODEPACKR.COM, Investment Calculator, Calculate exponential investment growth, custom deposit frequencies, compound returns, and visual balance timelines, FREE TOOL, Runs in your browser. Do not add hashtags, long paragraphs, fake statistics, fake UI, or unsupported claims. No spelling errors."
73,JSON Definition & Type Generator,https://www.codepackr.com/json-definition-generator,"JSON Definition & Type Generator: one less developer task to handle manually.

Convert any JSON structure into TypeScript types, JSON Schema, Python Pydantic, C# POCO, Java POJO, Go structs, and Rust Serde types. Codepackr gives you a simple browser-based way to get the job done quickly, without adding another tool to your local setup.

Try it here: https://www.codepackr.com/json-definition-generator

#Codepackr #Developer #DevTools #JSON #TypeScript #Python #Pydantic #SoftwareEngineering #CodeGeneration","JSON Definition & Type Generator: Convert any JSON structure into TypeScript types, JSON Schema, Python Pydantic, C# POCO, Java POJO, Go structs, and Rust Serde types. Try it free: https://www.codepackr.com/json-definition-generator #Codepackr #Developer #DevTools #JSON #TypeScript #Python #Pydantic #SoftwareEngineering #CodeGeneration",337,#Codepackr #Developer #DevTools #JSON #TypeScript #Python #Pydantic #SoftwareEngineering #CodeGeneration,"CODEPACKR.COM
JSON Definition & Type Generator
Convert any JSON structure into TypeScript types, JSON Schema, Python Pydantic, C# POCO, Java POJO, Go structs, and Rust Serde types
FREE TOOL
Runs in your browser","Create a square 1:1 social-media promotional graphic for Codepackr.com featuring JSON Definition & Type Generator. Use the attached Codepackr reference images only as branding inspiration, not as a copy. Dark modern developer-tool aesthetic, deep navy/black background, orange/yellow Codepackr accent, white clean typography, subtle visual elements related to JSON Definition & Type Generator, strong mobile readability, generous spacing, professional SaaS/developer-tool style. Include exactly these main text elements: CODEPACKR.COM, JSON Definition & Type Generator, Convert any JSON structure into TypeScript types, JSON Schema, Python Pydantic, C# POCO, Java POJO, Go structs, and Rust Serde types, FREE TOOL, Runs in your browser. Do not add hashtags, long paragraphs, fake statistics, fake UI, or unsupported claims. No spelling errors."
74,Percentage & Ratio Calculator,https://www.codepackr.com/percentage-calculator,"Percentage & Ratio Calculator: one less developer task to handle manually.

Calculate percentage increases, discounts, fractional ratios, and differences instantly. Codepackr gives you a simple browser-based way to get the job done quickly, without adding another tool to your local setup.

Try it here: https://www.codepackr.com/percentage-calculator

#Codepackr #Developer #DevTools #Math #Percentages #Calculator #Discounts #Ratios","Percentage & Ratio Calculator: Calculate percentage increases, discounts, fractional ratios, and differences instantly. Try it free: https://www.codepackr.com/percentage-calculator #Codepackr #Developer #DevTools #Math #Percentages #Calculator #Discounts #Ratios",262,#Codepackr #Developer #DevTools #Math #Percentages #Calculator #Discounts #Ratios,"CODEPACKR.COM
Percentage & Ratio Calculator
Calculate percentage increases, discounts, fractional ratios, and differences instantly
FREE TOOL
Runs in your browser","Create a square 1:1 social-media promotional graphic for Codepackr.com featuring Percentage & Ratio Calculator. Use the attached Codepackr reference images only as branding inspiration, not as a copy. Dark modern developer-tool aesthetic, deep navy/black background, orange/yellow Codepackr accent, white clean typography, subtle visual elements related to Percentage & Ratio Calculator, strong mobile readability, generous spacing, professional SaaS/developer-tool style. Include exactly these main text elements: CODEPACKR.COM, Percentage & Ratio Calculator, Calculate percentage increases, discounts, fractional ratios, and differences instantly, FREE TOOL, Runs in your browser. Do not add hashtags, long paragraphs, fake statistics, fake UI, or unsupported claims. No spelling errors."
75,Developer Utilities & Generators Suite,https://www.codepackr.com/utilities,"Developer Utilities & Generators Suite: one less developer task to handle manually.

Generate UUIDs, QR codes, strong passwords, cron expressions, and inspect headers and screen dimensions. Codepackr gives you a simple browser-based way to get the job done quickly, without adding another tool to your local setup.

Try it here: https://www.codepackr.com/utilities

#Codepackr #Developer #DevTools #Productivity #Generators #Utilities #WebDevelopment","Developer Utilities & Generators Suite: Generate UUIDs, QR codes, strong passwords, cron expressions, and inspect headers and screen dimensions. Try it free: https://www.codepackr.com/utilities #Codepackr #Developer #DevTools #Productivity #Generators #Utilities #WebDevelopment",278,#Codepackr #Developer #DevTools #Productivity #Generators #Utilities #WebDevelopment,"CODEPACKR.COM
Developer Utilities & Generators Suite
Generate UUIDs, QR codes, strong passwords, cron expressions, and inspect headers and screen dimensions
FREE TOOL
Runs in your browser","Create a square 1:1 social-media promotional graphic for Codepackr.com featuring Developer Utilities & Generators Suite. Use the attached Codepackr reference images only as branding inspiration, not as a copy. Dark modern developer-tool aesthetic, deep navy/black background, orange/yellow Codepackr accent, white clean typography, subtle visual elements related to Developer Utilities & Generators Suite, strong mobile readability, generous spacing, professional SaaS/developer-tool style. Include exactly these main text elements: CODEPACKR.COM, Developer Utilities & Generators Suite, Generate UUIDs, QR codes, strong passwords, cron expressions, and inspect headers and screen dimensions, FREE TOOL, Runs in your browser. Do not add hashtags, long paragraphs, fake statistics, fake UI, or unsupported claims. No spelling errors."
76,UUID / GUID Generator,https://www.codepackr.com/uuid-generator,"UUID / GUID Generator: one less developer task to handle manually.

Generate cryptographically random UUID v4 and unique identifiers. Codepackr gives you a simple browser-based way to get the job done quickly, without adding another tool to your local setup.

Try it here: https://www.codepackr.com/uuid-generator

#Codepackr #Developer #DevTools #UUID #Development #UUIDGUIDGenerator #Generator",UUID / GUID Generator: Generate cryptographically random UUID v4 and unique identifiers. Try it free: https://www.codepackr.com/uuid-generator #Codepackr #Developer #DevTools #UUID #Development #UUIDGUIDGenerator #Generator,223,#Codepackr #Developer #DevTools #UUID #Development #UUIDGUIDGenerator #Generator,"CODEPACKR.COM
UUID / GUID Generator
Generate cryptographically random UUID v4 and unique identifiers
FREE TOOL
Runs in your browser","Create a square 1:1 social-media promotional graphic for Codepackr.com featuring UUID / GUID Generator. Use the attached Codepackr reference images only as branding inspiration, not as a copy. Dark modern developer-tool aesthetic, deep navy/black background, orange/yellow Codepackr accent, white clean typography, subtle visual elements related to UUID / GUID Generator, strong mobile readability, generous spacing, professional SaaS/developer-tool style. Include exactly these main text elements: CODEPACKR.COM, UUID / GUID Generator, Generate cryptographically random UUID v4 and unique identifiers, FREE TOOL, Runs in your browser. Do not add hashtags, long paragraphs, fake statistics, fake UI, or unsupported claims. No spelling errors."
77,QR Code Generator,https://www.codepackr.com/qr-code-generator,"QR Code Generator: one less developer task to handle manually.

Generate customizable, high-resolution QR codes for links, text, and Wi-Fi networks. Codepackr gives you a simple browser-based way to get the job done quickly, without adding another tool to your local setup.

Try it here: https://www.codepackr.com/qr-code-generator

#Codepackr #Developer #DevTools #QRCode #Mobile #QRCodeGenerator #Generator","QR Code Generator: Generate customizable, high-resolution QR codes for links, text, and Wi-Fi networks. Try it free: https://www.codepackr.com/qr-code-generator #Codepackr #Developer #DevTools #QRCode #Mobile #QRCodeGenerator #Generator",236,#Codepackr #Developer #DevTools #QRCode #Mobile #QRCodeGenerator #Generator,"CODEPACKR.COM
QR Code Generator
Generate customizable, high-resolution QR codes for links, text, and Wi-Fi networks
FREE TOOL
Runs in your browser","Create a square 1:1 social-media promotional graphic for Codepackr.com featuring QR Code Generator. Use the attached Codepackr reference images only as branding inspiration, not as a copy. Dark modern developer-tool aesthetic, deep navy/black background, orange/yellow Codepackr accent, white clean typography, subtle visual elements related to QR Code Generator, strong mobile readability, generous spacing, professional SaaS/developer-tool style. Include exactly these main text elements: CODEPACKR.COM, QR Code Generator, Generate customizable, high-resolution QR codes for links, text, and Wi-Fi networks, FREE TOOL, Runs in your browser. Do not add hashtags, long paragraphs, fake statistics, fake UI, or unsupported claims. No spelling errors."
78,Strong Password Generator,https://www.codepackr.com/password-generator,"Strong Password Generator: one less developer task to handle manually.

Generate secure, cryptographically random passwords with custom character rules. Codepackr gives you a simple browser-based way to get the job done quickly, without adding another tool to your local setup.

Try it here: https://www.codepackr.com/password-generator

#Codepackr #Developer #DevTools #Security #Privacy #StrongPasswordGenerator #Generator","Strong Password Generator: Generate secure, cryptographically random passwords with custom character rules. Try it free: https://www.codepackr.com/password-generator #Codepackr #Developer #DevTools #Security #Privacy #StrongPasswordGenerator #Generator",252,#Codepackr #Developer #DevTools #Security #Privacy #StrongPasswordGenerator #Generator,"CODEPACKR.COM
Strong Password Generator
Generate secure, cryptographically random passwords with custom character rules
FREE TOOL
Runs in your browser","Create a square 1:1 social-media promotional graphic for Codepackr.com featuring Strong Password Generator. Use the attached Codepackr reference images only as branding inspiration, not as a copy. Dark modern developer-tool aesthetic, deep navy/black background, orange/yellow Codepackr accent, white clean typography, subtle visual elements related to Strong Password Generator, strong mobile readability, generous spacing, professional SaaS/developer-tool style. Include exactly these main text elements: CODEPACKR.COM, Strong Password Generator, Generate secure, cryptographically random passwords with custom character rules, FREE TOOL, Runs in your browser. Do not add hashtags, long paragraphs, fake statistics, fake UI, or unsupported claims. No spelling errors."
79,Lorem Ipsum Generator,https://www.codepackr.com/lorem-ipsum-generator,"Lorem Ipsum Generator: one less developer task to handle manually.

Generate custom placeholder text by paragraphs, sentences, or words. Codepackr gives you a simple browser-based way to get the job done quickly, without adding another tool to your local setup.

Try it here: https://www.codepackr.com/lorem-ipsum-generator

#Codepackr #Developer #DevTools #Design #Typography #LoremIpsumGenerator #Generator","Lorem Ipsum Generator: Generate custom placeholder text by paragraphs, sentences, or words. Try it free: https://www.codepackr.com/lorem-ipsum-generator #Codepackr #Developer #DevTools #Design #Typography #LoremIpsumGenerator #Generator",236,#Codepackr #Developer #DevTools #Design #Typography #LoremIpsumGenerator #Generator,"CODEPACKR.COM
Lorem Ipsum Generator
Generate custom placeholder text by paragraphs, sentences, or words
FREE TOOL
Runs in your browser","Create a square 1:1 social-media promotional graphic for Codepackr.com featuring Lorem Ipsum Generator. Use the attached Codepackr reference images only as branding inspiration, not as a copy. Dark modern developer-tool aesthetic, deep navy/black background, orange/yellow Codepackr accent, white clean typography, subtle visual elements related to Lorem Ipsum Generator, strong mobile readability, generous spacing, professional SaaS/developer-tool style. Include exactly these main text elements: CODEPACKR.COM, Lorem Ipsum Generator, Generate custom placeholder text by paragraphs, sentences, or words, FREE TOOL, Runs in your browser. Do not add hashtags, long paragraphs, fake statistics, fake UI, or unsupported claims. No spelling errors."
80,Unix Timestamp Converter,https://www.codepackr.com/timestamp-converter,"Unix Timestamp Converter: one less developer task to handle manually.

Convert Unix epoch timestamps to human-readable dates across timezones. Codepackr gives you a simple browser-based way to get the job done quickly, without adding another tool to your local setup.

Try it here: https://www.codepackr.com/timestamp-converter

#Codepackr #Developer #DevTools #Time #Development #UnixTimestampConverter #Timestamp #Converter",Unix Timestamp Converter: Convert Unix epoch timestamps to human-readable dates across timezones. Try it free: https://www.codepackr.com/timestamp-converter #Codepackr #Developer #DevTools #Time #Development #UnixTimestampConverter #Timestamp #Converter,253,#Codepackr #Developer #DevTools #Time #Development #UnixTimestampConverter #Timestamp #Converter,"CODEPACKR.COM
Unix Timestamp Converter
Convert Unix epoch timestamps to human-readable dates across timezones
FREE TOOL
Runs in your browser","Create a square 1:1 social-media promotional graphic for Codepackr.com featuring Unix Timestamp Converter. Use the attached Codepackr reference images only as branding inspiration, not as a copy. Dark modern developer-tool aesthetic, deep navy/black background, orange/yellow Codepackr accent, white clean typography, subtle visual elements related to Unix Timestamp Converter, strong mobile readability, generous spacing, professional SaaS/developer-tool style. Include exactly these main text elements: CODEPACKR.COM, Unix Timestamp Converter, Convert Unix epoch timestamps to human-readable dates across timezones, FREE TOOL, Runs in your browser. Do not add hashtags, long paragraphs, fake statistics, fake UI, or unsupported claims. No spelling errors."
81,Cron Expression Generator & Explainer,https://www.codepackr.com/cron-expression-generator,"Cron Expression Generator & Explainer: one less developer task to handle manually.

Build and explain cron schedule expressions with human-readable descriptions. Codepackr gives you a simple browser-based way to get the job done quickly, without adding another tool to your local setup.

Try it here: https://www.codepackr.com/cron-expression-generator

#Codepackr #Developer #DevTools #Cron #DevOps #CronExpressionGeneratorExplainer #Generator #Explainer",Cron Expression Generator & Explainer: Build and explain cron schedule expressions with human-readable descriptions. Try it free: https://www.codepackr.com/cron-expression-generator #Codepackr #Developer #DevTools #Cron #DevOps #CronExpressionGeneratorExplainer #Generator #Explainer,283,#Codepackr #Developer #DevTools #Cron #DevOps #CronExpressionGeneratorExplainer #Generator #Explainer,"CODEPACKR.COM
Cron Expression Generator & Explainer
Build and explain cron schedule expressions with human-readable descriptions
FREE TOOL
Runs in your browser","Create a square 1:1 social-media promotional graphic for Codepackr.com featuring Cron Expression Generator & Explainer. Use the attached Codepackr reference images only as branding inspiration, not as a copy. Dark modern developer-tool aesthetic, deep navy/black background, orange/yellow Codepackr accent, white clean typography, subtle visual elements related to Cron Expression Generator & Explainer, strong mobile readability, generous spacing, professional SaaS/developer-tool style. Include exactly these main text elements: CODEPACKR.COM, Cron Expression Generator & Explainer, Build and explain cron schedule expressions with human-readable descriptions, FREE TOOL, Runs in your browser. Do not add hashtags, long paragraphs, fake statistics, fake UI, or unsupported claims. No spelling errors."
82,URL Slug Generator,https://www.codepackr.com/slug-generator,"URL Slug Generator: one less developer task to handle manually.

Convert titles and phrases into clean, SEO-friendly URL slugs. Codepackr gives you a simple browser-based way to get the job done quickly, without adding another tool to your local setup.

Try it here: https://www.codepackr.com/slug-generator

#Codepackr #Developer #DevTools #SEO #URLs #URLSlugGenerator #Slug #Generator","URL Slug Generator: Convert titles and phrases into clean, SEO-friendly URL slugs. Try it free: https://www.codepackr.com/slug-generator #Codepackr #Developer #DevTools #SEO #URLs #URLSlugGenerator #Slug #Generator",214,#Codepackr #Developer #DevTools #SEO #URLs #URLSlugGenerator #Slug #Generator,"CODEPACKR.COM
URL Slug Generator
Convert titles and phrases into clean, SEO-friendly URL slugs
FREE TOOL
Runs in your browser","Create a square 1:1 social-media promotional graphic for Codepackr.com featuring URL Slug Generator. Use the attached Codepackr reference images only as branding inspiration, not as a copy. Dark modern developer-tool aesthetic, deep navy/black background, orange/yellow Codepackr accent, white clean typography, subtle visual elements related to URL Slug Generator, strong mobile readability, generous spacing, professional SaaS/developer-tool style. Include exactly these main text elements: CODEPACKR.COM, URL Slug Generator, Convert titles and phrases into clean, SEO-friendly URL slugs, FREE TOOL, Runs in your browser. Do not add hashtags, long paragraphs, fake statistics, fake UI, or unsupported claims. No spelling errors."
83,Markdown Live Editor & Preview,https://www.codepackr.com/markdown-preview,"Markdown Live Editor & Preview: one less developer task to handle manually.

Write Markdown with real-time preview, word counts, and HTML export. Codepackr gives you a simple browser-based way to get the job done quickly, without adding another tool to your local setup.

Try it here: https://www.codepackr.com/markdown-preview

#Codepackr #Developer #DevTools #Markdown #Documentation #Editor #Blogging #Writing","Markdown Live Editor & Preview: Write Markdown with real-time preview, word counts, and HTML export. Try it free: https://www.codepackr.com/markdown-preview #Codepackr #Developer #DevTools #Markdown #Documentation #Editor #Blogging #Writing",240,#Codepackr #Developer #DevTools #Markdown #Documentation #Editor #Blogging #Writing,"CODEPACKR.COM
Markdown Live Editor & Preview
Write Markdown with real-time preview, word counts, and HTML export
FREE TOOL
Runs in your browser","Create a square 1:1 social-media promotional graphic for Codepackr.com featuring Markdown Live Editor & Preview. Use the attached Codepackr reference images only as branding inspiration, not as a copy. Dark modern developer-tool aesthetic, deep navy/black background, orange/yellow Codepackr accent, white clean typography, subtle visual elements related to Markdown Live Editor & Preview, strong mobile readability, generous spacing, professional SaaS/developer-tool style. Include exactly these main text elements: CODEPACKR.COM, Markdown Live Editor & Preview, Write Markdown with real-time preview, word counts, and HTML export, FREE TOOL, Runs in your browser. Do not add hashtags, long paragraphs, fake statistics, fake UI, or unsupported claims. No spelling errors."
84,Markdown Live Editor & Preview,https://www.codepackr.com/markdown,"Markdown Live Editor & Preview: one less developer task to handle manually.

Write Markdown with real-time preview, word counts, and HTML export. Codepackr gives you a simple browser-based way to get the job done quickly, without adding another tool to your local setup.

Try it here: https://www.codepackr.com/markdown

#Codepackr #Developer #DevTools #Markdown #Documentation #Editor #Blogging #Writing","Markdown Live Editor & Preview: Write Markdown with real-time preview, word counts, and HTML export. Try it free: https://www.codepackr.com/markdown #Codepackr #Developer #DevTools #Markdown #Documentation #Editor #Blogging #Writing",232,#Codepackr #Developer #DevTools #Markdown #Documentation #Editor #Blogging #Writing,"CODEPACKR.COM
Markdown Live Editor & Preview
Write Markdown with real-time preview, word counts, and HTML export
FREE TOOL
Runs in your browser","Create a square 1:1 social-media promotional graphic for Codepackr.com featuring Markdown Live Editor & Preview. Use the attached Codepackr reference images only as branding inspiration, not as a copy. Dark modern developer-tool aesthetic, deep navy/black background, orange/yellow Codepackr accent, white clean typography, subtle visual elements related to Markdown Live Editor & Preview, strong mobile readability, generous spacing, professional SaaS/developer-tool style. Include exactly these main text elements: CODEPACKR.COM, Markdown Live Editor & Preview, Write Markdown with real-time preview, word counts, and HTML export, FREE TOOL, Runs in your browser. Do not add hashtags, long paragraphs, fake statistics, fake UI, or unsupported claims. No spelling errors."
85,Screen Resolution & Viewport Checker,https://www.codepackr.com/what-is-my-screen-resolution,"Screen Resolution & Viewport Checker: one less developer task to handle manually.

Inspect screen resolution, DPR, color depth, and responsive CSS viewport dimensions. Codepackr gives you a simple browser-based way to get the job done quickly, without adding another tool to your local setup.

Try it here: https://www.codepackr.com/what-is-my-screen-resolution

#Codepackr #Developer #DevTools #ResponsiveDesign #ScreenResolution #CSS #Frontend #WebDesign","Screen Resolution & Viewport Checker: Inspect screen resolution, DPR, color depth, and responsive CSS viewport dimensions. Try it free: https://www.codepackr.com/what-is-my-screen-resolution #Codepackr #Developer #DevTools #ResponsiveDesign #ScreenResolution #CSS #Frontend #WebDesign",284,#Codepackr #Developer #DevTools #ResponsiveDesign #ScreenResolution #CSS #Frontend #WebDesign,"CODEPACKR.COM
Screen Resolution & Viewport Checker
Inspect screen resolution, DPR, color depth, and responsive CSS viewport dimensions
FREE TOOL
Runs in your browser","Create a square 1:1 social-media promotional graphic for Codepackr.com featuring Screen Resolution & Viewport Checker. Use the attached Codepackr reference images only as branding inspiration, not as a copy. Dark modern developer-tool aesthetic, deep navy/black background, orange/yellow Codepackr accent, white clean typography, subtle visual elements related to Screen Resolution & Viewport Checker, strong mobile readability, generous spacing, professional SaaS/developer-tool style. Include exactly these main text elements: CODEPACKR.COM, Screen Resolution & Viewport Checker, Inspect screen resolution, DPR, color depth, and responsive CSS viewport dimensions, FREE TOOL, Runs in your browser. Do not add hashtags, long paragraphs, fake statistics, fake UI, or unsupported claims. No spelling errors."
86,User Agent Inspector,https://www.codepackr.com/what-is-my-user-agent,"User Agent Inspector: one less developer task to handle manually.

Inspect browser user agent strings, engine versions, and operating system details. Codepackr gives you a simple browser-based way to get the job done quickly, without adding another tool to your local setup.

Try it here: https://www.codepackr.com/what-is-my-user-agent

#Codepackr #Developer #DevTools #UserAgent #Browsers #Debugging #WebDev","User Agent Inspector: Inspect browser user agent strings, engine versions, and operating system details. Try it free: https://www.codepackr.com/what-is-my-user-agent #Codepackr #Developer #DevTools #UserAgent #Browsers #Debugging #WebDev",237,#Codepackr #Developer #DevTools #UserAgent #Browsers #Debugging #WebDev,"CODEPACKR.COM
User Agent Inspector
Inspect browser user agent strings, engine versions, and operating system details
FREE TOOL
Runs in your browser","Create a square 1:1 social-media promotional graphic for Codepackr.com featuring User Agent Inspector. Use the attached Codepackr reference images only as branding inspiration, not as a copy. Dark modern developer-tool aesthetic, deep navy/black background, orange/yellow Codepackr accent, white clean typography, subtle visual elements related to User Agent Inspector, strong mobile readability, generous spacing, professional SaaS/developer-tool style. Include exactly these main text elements: CODEPACKR.COM, User Agent Inspector, Inspect browser user agent strings, engine versions, and operating system details, FREE TOOL, Runs in your browser. Do not add hashtags, long paragraphs, fake statistics, fake UI, or unsupported claims. No spelling errors."
87,HTTP Status Code Reference,https://www.codepackr.com/http-status-codes,"HTTP Status Code Reference: one less developer task to handle manually.

Quick reference guide for standard HTTP status codes and response headers. Codepackr gives you a simple browser-based way to get the job done quickly, without adding another tool to your local setup.

Try it here: https://www.codepackr.com/http-status-codes

#Codepackr #Developer #DevTools #HTTP #APIs #HTTPStatusCodeReference #Status #Reference",HTTP Status Code Reference: Quick reference guide for standard HTTP status codes and response headers. Try it free: https://www.codepackr.com/http-status-codes #Codepackr #Developer #DevTools #HTTP #APIs #HTTPStatusCodeReference #Status #Reference,247,#Codepackr #Developer #DevTools #HTTP #APIs #HTTPStatusCodeReference #Status #Reference,"CODEPACKR.COM
HTTP Status Code Reference
Quick reference guide for standard HTTP status codes and response headers
FREE TOOL
Runs in your browser","Create a square 1:1 social-media promotional graphic for Codepackr.com featuring HTTP Status Code Reference. Use the attached Codepackr reference images only as branding inspiration, not as a copy. Dark modern developer-tool aesthetic, deep navy/black background, orange/yellow Codepackr accent, white clean typography, subtle visual elements related to HTTP Status Code Reference, strong mobile readability, generous spacing, professional SaaS/developer-tool style. Include exactly these main text elements: CODEPACKR.COM, HTTP Status Code Reference, Quick reference guide for standard HTTP status codes and response headers, FREE TOOL, Runs in your browser. Do not add hashtags, long paragraphs, fake statistics, fake UI, or unsupported claims. No spelling errors."
88,Text Processing & Analysis Suite,https://www.codepackr.com/text-tools,"Text Processing & Analysis Suite: one less developer task to handle manually.

Count words, characters, remove duplicates, trim whitespace, and sort text in your browser. Codepackr gives you a simple browser-based way to get the job done quickly, without adding another tool to your local setup.

Try it here: https://www.codepackr.com/text-tools

#Codepackr #Developer #DevTools #TextTools #Copywriting #DataCleaning #Editing #Productivity","Text Processing & Analysis Suite: Count words, characters, remove duplicates, trim whitespace, and sort text in your browser. Try it free: https://www.codepackr.com/text-tools #Codepackr #Developer #DevTools #TextTools #Copywriting #DataCleaning #Editing #Productivity",268,#Codepackr #Developer #DevTools #TextTools #Copywriting #DataCleaning #Editing #Productivity,"CODEPACKR.COM
Text Processing & Analysis Suite
Count words, characters, remove duplicates, trim whitespace, and sort text in your browser
FREE TOOL
Runs in your browser","Create a square 1:1 social-media promotional graphic for Codepackr.com featuring Text Processing & Analysis Suite. Use the attached Codepackr reference images only as branding inspiration, not as a copy. Dark modern developer-tool aesthetic, deep navy/black background, orange/yellow Codepackr accent, white clean typography, subtle visual elements related to Text Processing & Analysis Suite, strong mobile readability, generous spacing, professional SaaS/developer-tool style. Include exactly these main text elements: CODEPACKR.COM, Text Processing & Analysis Suite, Count words, characters, remove duplicates, trim whitespace, and sort text in your browser, FREE TOOL, Runs in your browser. Do not add hashtags, long paragraphs, fake statistics, fake UI, or unsupported claims. No spelling errors."
89,Text Case Converter,https://www.codepackr.com/text-case-converter,"Text Case Converter: one less developer task to handle manually.

Convert text to UPPERCASE, lowercase, camelCase, kebab-case, and snake_case. Codepackr gives you a simple browser-based way to get the job done quickly, without adding another tool to your local setup.

Try it here: https://www.codepackr.com/text-case-converter

#Codepackr #Developer #DevTools #TextTools #Formatting #TextCaseConverter #Case #Converter","Text Case Converter: Convert text to UPPERCASE, lowercase, camelCase, kebab-case, and snake_case. Try it free: https://www.codepackr.com/text-case-converter #Codepackr #Developer #DevTools #TextTools #Formatting #TextCaseConverter #Case #Converter",247,#Codepackr #Developer #DevTools #TextTools #Formatting #TextCaseConverter #Case #Converter,"CODEPACKR.COM
Text Case Converter
Convert text to UPPERCASE, lowercase, camelCase, kebab-case, and snake_case
FREE TOOL
Runs in your browser","Create a square 1:1 social-media promotional graphic for Codepackr.com featuring Text Case Converter. Use the attached Codepackr reference images only as branding inspiration, not as a copy. Dark modern developer-tool aesthetic, deep navy/black background, orange/yellow Codepackr accent, white clean typography, subtle visual elements related to Text Case Converter, strong mobile readability, generous spacing, professional SaaS/developer-tool style. Include exactly these main text elements: CODEPACKR.COM, Text Case Converter, Convert text to UPPERCASE, lowercase, camelCase, kebab-case, and snake_case, FREE TOOL, Runs in your browser. Do not add hashtags, long paragraphs, fake statistics, fake UI, or unsupported claims. No spelling errors."
90,Word Counter & Statistics,https://www.codepackr.com/word-counter,"Word Counter & Statistics: one less developer task to handle manually.

Count words, characters, sentences, reading time, and speaking time in real time. Codepackr gives you a simple browser-based way to get the job done quickly, without adding another tool to your local setup.

Try it here: https://www.codepackr.com/word-counter

#Codepackr #Developer #DevTools #Writing #Productivity #WordCounterStatistics #Word #Counter #Statistics","Word Counter & Statistics: Count words, characters, sentences, reading time, and speaking time in real time. Try it free: https://www.codepackr.com/word-counter #Codepackr #Developer #DevTools #Writing #Productivity #WordCounterStatistics #Word #Counter #Statistics",265,#Codepackr #Developer #DevTools #Writing #Productivity #WordCounterStatistics #Word #Counter #Statistics,"CODEPACKR.COM
Word Counter & Statistics
Count words, characters, sentences, reading time, and speaking time in real time
FREE TOOL
Runs in your browser","Create a square 1:1 social-media promotional graphic for Codepackr.com featuring Word Counter & Statistics. Use the attached Codepackr reference images only as branding inspiration, not as a copy. Dark modern developer-tool aesthetic, deep navy/black background, orange/yellow Codepackr accent, white clean typography, subtle visual elements related to Word Counter & Statistics, strong mobile readability, generous spacing, professional SaaS/developer-tool style. Include exactly these main text elements: CODEPACKR.COM, Word Counter & Statistics, Count words, characters, sentences, reading time, and speaking time in real time, FREE TOOL, Runs in your browser. Do not add hashtags, long paragraphs, fake statistics, fake UI, or unsupported claims. No spelling errors."
91,Character Counter,https://www.codepackr.com/character-counter,"Character Counter: one less developer task to handle manually.

Count characters with or without spaces, bytes, and words in real time. Codepackr gives you a simple browser-based way to get the job done quickly, without adding another tool to your local setup.

Try it here: https://www.codepackr.com/character-counter

#Codepackr #Developer #DevTools #TextTools #SocialMedia #CharacterCounter #Character #Counter","Character Counter: Count characters with or without spaces, bytes, and words in real time. Try it free: https://www.codepackr.com/character-counter #Codepackr #Developer #DevTools #TextTools #SocialMedia #CharacterCounter #Character #Counter",241,#Codepackr #Developer #DevTools #TextTools #SocialMedia #CharacterCounter #Character #Counter,"CODEPACKR.COM
Character Counter
Count characters with or without spaces, bytes, and words in real time
FREE TOOL
Runs in your browser","Create a square 1:1 social-media promotional graphic for Codepackr.com featuring Character Counter. Use the attached Codepackr reference images only as branding inspiration, not as a copy. Dark modern developer-tool aesthetic, deep navy/black background, orange/yellow Codepackr accent, white clean typography, subtle visual elements related to Character Counter, strong mobile readability, generous spacing, professional SaaS/developer-tool style. Include exactly these main text elements: CODEPACKR.COM, Character Counter, Count characters with or without spaces, bytes, and words in real time, FREE TOOL, Runs in your browser. Do not add hashtags, long paragraphs, fake statistics, fake UI, or unsupported claims. No spelling errors."
92,Line Counter,https://www.codepackr.com/line-counter,"Line Counter: one less developer task to handle manually.

Count total lines, non-empty lines, and blank rows in code or text documents. Codepackr gives you a simple browser-based way to get the job done quickly, without adding another tool to your local setup.

Try it here: https://www.codepackr.com/line-counter

#Codepackr #Developer #DevTools #TextTools #Programming #LineCounter #Line #Counter","Line Counter: Count total lines, non-empty lines, and blank rows in code or text documents. Try it free: https://www.codepackr.com/line-counter #Codepackr #Developer #DevTools #TextTools #Programming #LineCounter #Line #Counter",227,#Codepackr #Developer #DevTools #TextTools #Programming #LineCounter #Line #Counter,"CODEPACKR.COM
Line Counter
Count total lines, non-empty lines, and blank rows in code or text documents
FREE TOOL
Runs in your browser","Create a square 1:1 social-media promotional graphic for Codepackr.com featuring Line Counter. Use the attached Codepackr reference images only as branding inspiration, not as a copy. Dark modern developer-tool aesthetic, deep navy/black background, orange/yellow Codepackr accent, white clean typography, subtle visual elements related to Line Counter, strong mobile readability, generous spacing, professional SaaS/developer-tool style. Include exactly these main text elements: CODEPACKR.COM, Line Counter, Count total lines, non-empty lines, and blank rows in code or text documents, FREE TOOL, Runs in your browser. Do not add hashtags, long paragraphs, fake statistics, fake UI, or unsupported claims. No spelling errors."
93,Sentence Counter,https://www.codepackr.com/sentence-counter,"Sentence Counter: one less developer task to handle manually.

Count sentences and calculate readability statistics in text documents. Codepackr gives you a simple browser-based way to get the job done quickly, without adding another tool to your local setup.

Try it here: https://www.codepackr.com/sentence-counter

#Codepackr #Developer #DevTools #TextTools #Writing #SentenceCounter #Sentence #Counter",Sentence Counter: Count sentences and calculate readability statistics in text documents. Try it free: https://www.codepackr.com/sentence-counter #Codepackr #Developer #DevTools #TextTools #Writing #SentenceCounter #Sentence #Counter,233,#Codepackr #Developer #DevTools #TextTools #Writing #SentenceCounter #Sentence #Counter,"CODEPACKR.COM
Sentence Counter
Count sentences and calculate readability statistics in text documents
FREE TOOL
Runs in your browser","Create a square 1:1 social-media promotional graphic for Codepackr.com featuring Sentence Counter. Use the attached Codepackr reference images only as branding inspiration, not as a copy. Dark modern developer-tool aesthetic, deep navy/black background, orange/yellow Codepackr accent, white clean typography, subtle visual elements related to Sentence Counter, strong mobile readability, generous spacing, professional SaaS/developer-tool style. Include exactly these main text elements: CODEPACKR.COM, Sentence Counter, Count sentences and calculate readability statistics in text documents, FREE TOOL, Runs in your browser. Do not add hashtags, long paragraphs, fake statistics, fake UI, or unsupported claims. No spelling errors."
94,Remove Duplicate Lines,https://www.codepackr.com/remove-duplicate-lines,"Remove Duplicate Lines: one less developer task to handle manually.

Instantly remove duplicate lines from lists, text logs, and files. Codepackr gives you a simple browser-based way to get the job done quickly, without adding another tool to your local setup.

Try it here: https://www.codepackr.com/remove-duplicate-lines

#Codepackr #Developer #DevTools #TextTools #DataCleaning #RemoveDuplicateLines #Remove #Duplicate #Lines","Remove Duplicate Lines: Instantly remove duplicate lines from lists, text logs, and files. Try it free: https://www.codepackr.com/remove-duplicate-lines #Codepackr #Developer #DevTools #TextTools #DataCleaning #RemoveDuplicateLines #Remove #Duplicate #Lines",257,#Codepackr #Developer #DevTools #TextTools #DataCleaning #RemoveDuplicateLines #Remove #Duplicate #Lines,"CODEPACKR.COM
Remove Duplicate Lines
Instantly remove duplicate lines from lists, text logs, and files
FREE TOOL
Runs in your browser","Create a square 1:1 social-media promotional graphic for Codepackr.com featuring Remove Duplicate Lines. Use the attached Codepackr reference images only as branding inspiration, not as a copy. Dark modern developer-tool aesthetic, deep navy/black background, orange/yellow Codepackr accent, white clean typography, subtle visual elements related to Remove Duplicate Lines, strong mobile readability, generous spacing, professional SaaS/developer-tool style. Include exactly these main text elements: CODEPACKR.COM, Remove Duplicate Lines, Instantly remove duplicate lines from lists, text logs, and files, FREE TOOL, Runs in your browser. Do not add hashtags, long paragraphs, fake statistics, fake UI, or unsupported claims. No spelling errors."
95,Remove Empty Lines,https://www.codepackr.com/remove-empty-lines,"Remove Empty Lines: one less developer task to handle manually.

Remove blank and empty lines from text or code snippets. Codepackr gives you a simple browser-based way to get the job done quickly, without adding another tool to your local setup.

Try it here: https://www.codepackr.com/remove-empty-lines

#Codepackr #Developer #DevTools #TextTools #Programming #RemoveEmptyLines #Remove #Empty #Lines",Remove Empty Lines: Remove blank and empty lines from text or code snippets. Try it free: https://www.codepackr.com/remove-empty-lines #Codepackr #Developer #DevTools #TextTools #Programming #RemoveEmptyLines #Remove #Empty #Lines,230,#Codepackr #Developer #DevTools #TextTools #Programming #RemoveEmptyLines #Remove #Empty #Lines,"CODEPACKR.COM
Remove Empty Lines
Remove blank and empty lines from text or code snippets
FREE TOOL
Runs in your browser","Create a square 1:1 social-media promotional graphic for Codepackr.com featuring Remove Empty Lines. Use the attached Codepackr reference images only as branding inspiration, not as a copy. Dark modern developer-tool aesthetic, deep navy/black background, orange/yellow Codepackr accent, white clean typography, subtle visual elements related to Remove Empty Lines, strong mobile readability, generous spacing, professional SaaS/developer-tool style. Include exactly these main text elements: CODEPACKR.COM, Remove Empty Lines, Remove blank and empty lines from text or code snippets, FREE TOOL, Runs in your browser. Do not add hashtags, long paragraphs, fake statistics, fake UI, or unsupported claims. No spelling errors."
96,Remove Extra Spaces,https://www.codepackr.com/remove-extra-spaces,"Remove Extra Spaces: one less developer task to handle manually.

Clean unnecessary whitespace and multiple consecutive spaces from text. Codepackr gives you a simple browser-based way to get the job done quickly, without adding another tool to your local setup.

Try it here: https://www.codepackr.com/remove-extra-spaces

#Codepackr #Developer #DevTools #TextTools #DataCleaning #RemoveExtraSpaces #Remove #Extra #Spaces",Remove Extra Spaces: Clean unnecessary whitespace and multiple consecutive spaces from text. Try it free: https://www.codepackr.com/remove-extra-spaces #Codepackr #Developer #DevTools #TextTools #DataCleaning #RemoveExtraSpaces #Remove #Extra #Spaces,250,#Codepackr #Developer #DevTools #TextTools #DataCleaning #RemoveExtraSpaces #Remove #Extra #Spaces,"CODEPACKR.COM
Remove Extra Spaces
Clean unnecessary whitespace and multiple consecutive spaces from text
FREE TOOL
Runs in your browser","Create a square 1:1 social-media promotional graphic for Codepackr.com featuring Remove Extra Spaces. Use the attached Codepackr reference images only as branding inspiration, not as a copy. Dark modern developer-tool aesthetic, deep navy/black background, orange/yellow Codepackr accent, white clean typography, subtle visual elements related to Remove Extra Spaces, strong mobile readability, generous spacing, professional SaaS/developer-tool style. Include exactly these main text elements: CODEPACKR.COM, Remove Extra Spaces, Clean unnecessary whitespace and multiple consecutive spaces from text, FREE TOOL, Runs in your browser. Do not add hashtags, long paragraphs, fake statistics, fake UI, or unsupported claims. No spelling errors."
97,Sort Lines Alphabetically,https://www.codepackr.com/sort-lines-alphabetically,"Sort Lines Alphabetically: one less developer task to handle manually.

Sort lines of text alphabetically (A-Z or Z-A) for cleaner data and lists. Codepackr gives you a simple browser-based way to get the job done quickly, without adding another tool to your local setup.

Try it here: https://www.codepackr.com/sort-lines-alphabetically

#Codepackr #Developer #DevTools #TextTools #DataCleaning #SortLinesAlphabetically #Sort #Lines #Alphabetically",Sort Lines Alphabetically: Sort lines of text alphabetically (A-Z or Z-A) for cleaner data and lists. Try it free: https://www.codepackr.com/sort-lines-alphabetically #Codepackr #Developer #DevTools #TextTools #DataCleaning #SortLinesAlphabetically #Sort #Lines #Alphabetically,277,#Codepackr #Developer #DevTools #TextTools #DataCleaning #SortLinesAlphabetically #Sort #Lines #Alphabetically,"CODEPACKR.COM
Sort Lines Alphabetically
Sort lines of text alphabetically (A-Z or Z-A) for cleaner data and lists
FREE TOOL
Runs in your browser","Create a square 1:1 social-media promotional graphic for Codepackr.com featuring Sort Lines Alphabetically. Use the attached Codepackr reference images only as branding inspiration, not as a copy. Dark modern developer-tool aesthetic, deep navy/black background, orange/yellow Codepackr accent, white clean typography, subtle visual elements related to Sort Lines Alphabetically, strong mobile readability, generous spacing, professional SaaS/developer-tool style. Include exactly these main text elements: CODEPACKR.COM, Sort Lines Alphabetically, Sort lines of text alphabetically (A-Z or Z-A) for cleaner data and lists, FREE TOOL, Runs in your browser. Do not add hashtags, long paragraphs, fake statistics, fake UI, or unsupported claims. No spelling errors."
98,Reverse Line Order,https://www.codepackr.com/reverse-line-order,"Reverse Line Order: one less developer task to handle manually.

Reverse the order of lines in text, logs, or lists. Codepackr gives you a simple browser-based way to get the job done quickly, without adding another tool to your local setup.

Try it here: https://www.codepackr.com/reverse-line-order

#Codepackr #Developer #DevTools #TextTools #Programming #ReverseLineOrder #Reverse #Line #Order","Reverse Line Order: Reverse the order of lines in text, logs, or lists. Try it free: https://www.codepackr.com/reverse-line-order #Codepackr #Developer #DevTools #TextTools #Programming #ReverseLineOrder #Reverse #Line #Order",225,#Codepackr #Developer #DevTools #TextTools #Programming #ReverseLineOrder #Reverse #Line #Order,"CODEPACKR.COM
Reverse Line Order
Reverse the order of lines in text, logs, or lists
FREE TOOL
Runs in your browser","Create a square 1:1 social-media promotional graphic for Codepackr.com featuring Reverse Line Order. Use the attached Codepackr reference images only as branding inspiration, not as a copy. Dark modern developer-tool aesthetic, deep navy/black background, orange/yellow Codepackr accent, white clean typography, subtle visual elements related to Reverse Line Order, strong mobile readability, generous spacing, professional SaaS/developer-tool style. Include exactly these main text elements: CODEPACKR.COM, Reverse Line Order, Reverse the order of lines in text, logs, or lists, FREE TOOL, Runs in your browser. Do not add hashtags, long paragraphs, fake statistics, fake UI, or unsupported claims. No spelling errors."
99,EDI Integration Hub & Enterprise Gateway Suite,https://www.codepackr.com/edi-integration-hub,"EDI Integration Hub & Enterprise Gateway Suite: one less developer task to handle manually.

Free online edi integration hub tool for developers. Fast, client-side, and private.. Codepackr gives you a simple browser-based way to get the job done quickly, without adding another tool to your local setup.

Try it here: https://www.codepackr.com/edi-integration-hub

#Codepackr #Developer #DevTools #EDIIntegrationHubEnterpriseGatewaySuite #Edi","EDI Integration Hub & Enterprise Gateway Suite: Free online edi integration hub tool for developers. Fast, client-side, and private.. Try it free: https://www.codepackr.com/edi-integration-hub #Codepackr #Developer #DevTools #EDIIntegrationHubEnterpriseGatewaySuite #Edi",270,#Codepackr #Developer #DevTools #EDIIntegrationHubEnterpriseGatewaySuite #Edi,"CODEPACKR.COM
EDI Integration Hub & Enterprise Gateway Suite
Free online edi integration hub tool for developers. Fast, client-side, and private.
FREE TOOL
Runs in your browser","Create a square 1:1 social-media promotional graphic for Codepackr.com featuring EDI Integration Hub & Enterprise Gateway Suite. Use the attached Codepackr reference images only as branding inspiration, not as a copy. Dark modern developer-tool aesthetic, deep navy/black background, orange/yellow Codepackr accent, white clean typography, subtle visual elements related to EDI Integration Hub & Enterprise Gateway Suite, strong mobile readability, generous spacing, professional SaaS/developer-tool style. Include exactly these main text elements: CODEPACKR.COM, EDI Integration Hub & Enterprise Gateway Suite, Free online edi integration hub tool for developers. Fast, client-side, and private., FREE TOOL, Runs in your browser. Do not add hashtags, long paragraphs, fake statistics, fake UI, or unsupported claims. No spelling errors."
100,JavaScript Minifier,https://www.codepackr.com/js-minifier,"JavaScript Minifier: one less developer task to handle manually.

Compress and minify JavaScript code to reduce bundle size.. Codepackr gives you a simple browser-based way to get the job done quickly, without adding another tool to your local setup.

Try it here: https://www.codepackr.com/js-minifier

#Codepackr #Developer #DevTools #JavaScriptMinifier #Formatters",JavaScript Minifier: Compress and minify JavaScript code to reduce bundle size.. Try it free: https://www.codepackr.com/js-minifier #Codepackr #Developer #DevTools #JavaScriptMinifier #Formatters,195,#Codepackr #Developer #DevTools #JavaScriptMinifier #Formatters,"CODEPACKR.COM
JavaScript Minifier
Compress and minify JavaScript code to reduce bundle size.
FREE TOOL
Runs in your browser","Create a square 1:1 social-media promotional graphic for Codepackr.com featuring JavaScript Minifier. Use the attached Codepackr reference images only as branding inspiration, not as a copy. Dark modern developer-tool aesthetic, deep navy/black background, orange/yellow Codepackr accent, white clean typography, subtle visual elements related to JavaScript Minifier, strong mobile readability, generous spacing, professional SaaS/developer-tool style. Include exactly these main text elements: CODEPACKR.COM, JavaScript Minifier, Compress and minify JavaScript code to reduce bundle size., FREE TOOL, Runs in your browser. Do not add hashtags, long paragraphs, fake statistics, fake UI, or unsupported claims. No spelling errors."
101,Base64 Encoder & Decoder,https://www.codepackr.com/base64,"Base64 Encoder & Decoder: one less developer task to handle manually.

Encode plain text to Base64 or decode Base64 strings back to text.. Codepackr gives you a simple browser-based way to get the job done quickly, without adding another tool to your local setup.

Try it here: https://www.codepackr.com/base64

#Codepackr #Developer #DevTools #Base64EncoderDecoder #Encoders",Base64 Encoder & Decoder: Encode plain text to Base64 or decode Base64 strings back to text.. Try it free: https://www.codepackr.com/base64 #Codepackr #Developer #DevTools #Base64EncoderDecoder #Encoders,203,#Codepackr #Developer #DevTools #Base64EncoderDecoder #Encoders,"CODEPACKR.COM
Base64 Encoder & Decoder
Encode plain text to Base64 or decode Base64 strings back to text.
FREE TOOL
Runs in your browser","Create a square 1:1 social-media promotional graphic for Codepackr.com featuring Base64 Encoder & Decoder. Use the attached Codepackr reference images only as branding inspiration, not as a copy. Dark modern developer-tool aesthetic, deep navy/black background, orange/yellow Codepackr accent, white clean typography, subtle visual elements related to Base64 Encoder & Decoder, strong mobile readability, generous spacing, professional SaaS/developer-tool style. Include exactly these main text elements: CODEPACKR.COM, Base64 Encoder & Decoder, Encode plain text to Base64 or decode Base64 strings back to text., FREE TOOL, Runs in your browser. Do not add hashtags, long paragraphs, fake statistics, fake UI, or unsupported claims. No spelling errors."
102,URL Encoder & Decoder,https://www.codepackr.com/url-encode,"URL Encoder & Decoder: one less developer task to handle manually.

Percent-encode or decode URL query strings and path segments.. Codepackr gives you a simple browser-based way to get the job done quickly, without adding another tool to your local setup.

Try it here: https://www.codepackr.com/url-encode

#Codepackr #Developer #DevTools #URLEncoderDecoder #Encoders",URL Encoder & Decoder: Percent-encode or decode URL query strings and path segments.. Try it free: https://www.codepackr.com/url-encode #Codepackr #Developer #DevTools #URLEncoderDecoder #Encoders,196,#Codepackr #Developer #DevTools #URLEncoderDecoder #Encoders,"CODEPACKR.COM
URL Encoder & Decoder
Percent-encode or decode URL query strings and path segments.
FREE TOOL
Runs in your browser","Create a square 1:1 social-media promotional graphic for Codepackr.com featuring URL Encoder & Decoder. Use the attached Codepackr reference images only as branding inspiration, not as a copy. Dark modern developer-tool aesthetic, deep navy/black background, orange/yellow Codepackr accent, white clean typography, subtle visual elements related to URL Encoder & Decoder, strong mobile readability, generous spacing, professional SaaS/developer-tool style. Include exactly these main text elements: CODEPACKR.COM, URL Encoder & Decoder, Percent-encode or decode URL query strings and path segments., FREE TOOL, Runs in your browser. Do not add hashtags, long paragraphs, fake statistics, fake UI, or unsupported claims. No spelling errors."
103,HTML Entity Encoder & Decoder,https://www.codepackr.com/html-entity,"HTML Entity Encoder & Decoder: one less developer task to handle manually.

Escape or unescape special characters into HTML entities (&amp;, &lt;, &gt;).. Codepackr gives you a simple browser-based way to get the job done quickly, without adding another tool to your local setup.

Try it here: https://www.codepackr.com/html-entity

#Codepackr #Developer #DevTools #HTMLEntityEncoderDecoder #Encoders","HTML Entity Encoder & Decoder: Escape or unescape special characters into HTML entities (&amp;, &lt;, &gt;).. Try it free: https://www.codepackr.com/html-entity #Codepackr #Developer #DevTools #HTMLEntityEncoderDecoder #Encoders",228,#Codepackr #Developer #DevTools #HTMLEntityEncoderDecoder #Encoders,"CODEPACKR.COM
HTML Entity Encoder & Decoder
Escape or unescape special characters into HTML entities (&amp;, &lt;, &gt;).
FREE TOOL
Runs in your browser","Create a square 1:1 social-media promotional graphic for Codepackr.com featuring HTML Entity Encoder & Decoder. Use the attached Codepackr reference images only as branding inspiration, not as a copy. Dark modern developer-tool aesthetic, deep navy/black background, orange/yellow Codepackr accent, white clean typography, subtle visual elements related to HTML Entity Encoder & Decoder, strong mobile readability, generous spacing, professional SaaS/developer-tool style. Include exactly these main text elements: CODEPACKR.COM, HTML Entity Encoder & Decoder, Escape or unescape special characters into HTML entities (&amp;, &lt;, &gt;)., FREE TOOL, Runs in your browser. Do not add hashtags, long paragraphs, fake statistics, fake UI, or unsupported claims. No spelling errors."
104,JWT Encoder,https://www.codepackr.com/jwt-encoder,"JWT Encoder: one less developer task to handle manually.

Create and sign HS256 JSON Web Tokens with custom payload and secret key.. Codepackr gives you a simple browser-based way to get the job done quickly, without adding another tool to your local setup.

Try it here: https://www.codepackr.com/jwt-encoder

#Codepackr #Developer #DevTools #JWTEncoder #Encoders",JWT Encoder: Create and sign HS256 JSON Web Tokens with custom payload and secret key.. Try it free: https://www.codepackr.com/jwt-encoder #Codepackr #Developer #DevTools #JWTEncoder #Encoders,192,#Codepackr #Developer #DevTools #JWTEncoder #Encoders,"CODEPACKR.COM
JWT Encoder
Create and sign HS256 JSON Web Tokens with custom payload and secret key.
FREE TOOL
Runs in your browser","Create a square 1:1 social-media promotional graphic for Codepackr.com featuring JWT Encoder. Use the attached Codepackr reference images only as branding inspiration, not as a copy. Dark modern developer-tool aesthetic, deep navy/black background, orange/yellow Codepackr accent, white clean typography, subtle visual elements related to JWT Encoder, strong mobile readability, generous spacing, professional SaaS/developer-tool style. Include exactly these main text elements: CODEPACKR.COM, JWT Encoder, Create and sign HS256 JSON Web Tokens with custom payload and secret key., FREE TOOL, Runs in your browser. Do not add hashtags, long paragraphs, fake statistics, fake UI, or unsupported claims. No spelling errors."
105,JSONPath Tester,https://www.codepackr.com/json-path-tester,"JSONPath Tester: one less developer task to handle manually.

Evaluate JSONPath queries ($..key, store.book[*]) against JSON structures.. Codepackr gives you a simple browser-based way to get the job done quickly, without adding another tool to your local setup.

Try it here: https://www.codepackr.com/json-path-tester

#Codepackr #Developer #DevTools #JSONPathTester #Validators","JSONPath Tester: Evaluate JSONPath queries ($..key, store.book[*]) against JSON structures.. Try it free: https://www.codepackr.com/json-path-tester #Codepackr #Developer #DevTools #JSONPathTester #Validators",208,#Codepackr #Developer #DevTools #JSONPathTester #Validators,"CODEPACKR.COM
JSONPath Tester
Evaluate JSONPath queries ($..key, store.book[*]) against JSON structures.
FREE TOOL
Runs in your browser","Create a square 1:1 social-media promotional graphic for Codepackr.com featuring JSONPath Tester. Use the attached Codepackr reference images only as branding inspiration, not as a copy. Dark modern developer-tool aesthetic, deep navy/black background, orange/yellow Codepackr accent, white clean typography, subtle visual elements related to JSONPath Tester, strong mobile readability, generous spacing, professional SaaS/developer-tool style. Include exactly these main text elements: CODEPACKR.COM, JSONPath Tester, Evaluate JSONPath queries ($..key, store.book[*]) against JSON structures., FREE TOOL, Runs in your browser. Do not add hashtags, long paragraphs, fake statistics, fake UI, or unsupported claims. No spelling errors."
106,CSV Viewer,https://www.codepackr.com/csv-viewer,"CSV Viewer: one less developer task to handle manually.

Parse CSV content into an interactive, sortable, and searchable table.. Codepackr gives you a simple browser-based way to get the job done quickly, without adding another tool to your local setup.

Try it here: https://www.codepackr.com/csv-viewer

#Codepackr #Developer #DevTools #CSVViewer #Validators","CSV Viewer: Parse CSV content into an interactive, sortable, and searchable table.. Try it free: https://www.codepackr.com/csv-viewer #Codepackr #Developer #DevTools #CSVViewer #Validators",188,#Codepackr #Developer #DevTools #CSVViewer #Validators,"CODEPACKR.COM
CSV Viewer
Parse CSV content into an interactive, sortable, and searchable table.
FREE TOOL
Runs in your browser","Create a square 1:1 social-media promotional graphic for Codepackr.com featuring CSV Viewer. Use the attached Codepackr reference images only as branding inspiration, not as a copy. Dark modern developer-tool aesthetic, deep navy/black background, orange/yellow Codepackr accent, white clean typography, subtle visual elements related to CSV Viewer, strong mobile readability, generous spacing, professional SaaS/developer-tool style. Include exactly these main text elements: CODEPACKR.COM, CSV Viewer, Parse CSV content into an interactive, sortable, and searchable table., FREE TOOL, Runs in your browser. Do not add hashtags, long paragraphs, fake statistics, fake UI, or unsupported claims. No spelling errors."
107,Structural JSON Diff,https://www.codepackr.com/json-structural-diff,"Structural JSON Diff: one less developer task to handle manually.

Compare two JSON objects key-by-key to detect added, removed, and changed nodes.. Codepackr gives you a simple browser-based way to get the job done quickly, without adding another tool to your local setup.

Try it here: https://www.codepackr.com/json-structural-diff

#Codepackr #Developer #DevTools #StructuralJSONDiff #Validators","Structural JSON Diff: Compare two JSON objects key-by-key to detect added, removed, and changed nodes.. Try it free: https://www.codepackr.com/json-structural-diff #Codepackr #Developer #DevTools #StructuralJSONDiff #Validators",227,#Codepackr #Developer #DevTools #StructuralJSONDiff #Validators,"CODEPACKR.COM
Structural JSON Diff
Compare two JSON objects key-by-key to detect added, removed, and changed nodes.
FREE TOOL
Runs in your browser","Create a square 1:1 social-media promotional graphic for Codepackr.com featuring Structural JSON Diff. Use the attached Codepackr reference images only as branding inspiration, not as a copy. Dark modern developer-tool aesthetic, deep navy/black background, orange/yellow Codepackr accent, white clean typography, subtle visual elements related to Structural JSON Diff, strong mobile readability, generous spacing, professional SaaS/developer-tool style. Include exactly these main text elements: CODEPACKR.COM, Structural JSON Diff, Compare two JSON objects key-by-key to detect added, removed, and changed nodes., FREE TOOL, Runs in your browser. Do not add hashtags, long paragraphs, fake statistics, fake UI, or unsupported claims. No spelling errors."
108,dotenv Formatter & Validator,https://www.codepackr.com/dotenv-formatter,"dotenv Formatter & Validator: one less developer task to handle manually.

Format, sort, and validate environment variable (.env) files.. Codepackr gives you a simple browser-based way to get the job done quickly, without adding another tool to your local setup.

Try it here: https://www.codepackr.com/dotenv-formatter

#Codepackr #Developer #DevTools #dotenvFormatterValidator #Validators","dotenv Formatter & Validator: Format, sort, and validate environment variable (.env) files.. Try it free: https://www.codepackr.com/dotenv-formatter #Codepackr #Developer #DevTools #dotenvFormatterValidator #Validators",218,#Codepackr #Developer #DevTools #dotenvFormatterValidator #Validators,"CODEPACKR.COM
dotenv Formatter & Validator
Format, sort, and validate environment variable (.env) files.
FREE TOOL
Runs in your browser","Create a square 1:1 social-media promotional graphic for Codepackr.com featuring dotenv Formatter & Validator. Use the attached Codepackr reference images only as branding inspiration, not as a copy. Dark modern developer-tool aesthetic, deep navy/black background, orange/yellow Codepackr accent, white clean typography, subtle visual elements related to dotenv Formatter & Validator, strong mobile readability, generous spacing, professional SaaS/developer-tool style. Include exactly these main text elements: CODEPACKR.COM, dotenv Formatter & Validator, Format, sort, and validate environment variable (.env) files., FREE TOOL, Runs in your browser. Do not add hashtags, long paragraphs, fake statistics, fake UI, or unsupported claims. No spelling errors."
109,JSON to XML / XML to JSON,https://www.codepackr.com/json-xml-converter,"JSON to XML / XML to JSON: one less developer task to handle manually.

Convert data bi-directionally between JSON objects and XML markup.. Codepackr gives you a simple browser-based way to get the job done quickly, without adding another tool to your local setup.

Try it here: https://www.codepackr.com/json-xml-converter

#Codepackr #Developer #DevTools #JSONtoXMLXMLtoJSON #Converters",JSON to XML / XML to JSON: Convert data bi-directionally between JSON objects and XML markup.. Try it free: https://www.codepackr.com/json-xml-converter #Codepackr #Developer #DevTools #JSONtoXMLXMLtoJSON #Converters,216,#Codepackr #Developer #DevTools #JSONtoXMLXMLtoJSON #Converters,"CODEPACKR.COM
JSON to XML / XML to JSON
Convert data bi-directionally between JSON objects and XML markup.
FREE TOOL
Runs in your browser","Create a square 1:1 social-media promotional graphic for Codepackr.com featuring JSON to XML / XML to JSON. Use the attached Codepackr reference images only as branding inspiration, not as a copy. Dark modern developer-tool aesthetic, deep navy/black background, orange/yellow Codepackr accent, white clean typography, subtle visual elements related to JSON to XML / XML to JSON, strong mobile readability, generous spacing, professional SaaS/developer-tool style. Include exactly these main text elements: CODEPACKR.COM, JSON to XML / XML to JSON, Convert data bi-directionally between JSON objects and XML markup., FREE TOOL, Runs in your browser. Do not add hashtags, long paragraphs, fake statistics, fake UI, or unsupported claims. No spelling errors."
110,JSON to CSV / CSV to JSON,https://www.codepackr.com/json-csv-converter,"JSON to CSV / CSV to JSON: one less developer task to handle manually.

Convert JSON arrays to tabular CSV or transform CSV rows into JSON objects.. Codepackr gives you a simple browser-based way to get the job done quickly, without adding another tool to your local setup.

Try it here: https://www.codepackr.com/json-csv-converter

#Codepackr #Developer #DevTools #JSONtoCSVCSVtoJSON #Converters",JSON to CSV / CSV to JSON: Convert JSON arrays to tabular CSV or transform CSV rows into JSON objects.. Try it free: https://www.codepackr.com/json-csv-converter #Codepackr #Developer #DevTools #JSONtoCSVCSVtoJSON #Converters,225,#Codepackr #Developer #DevTools #JSONtoCSVCSVtoJSON #Converters,"CODEPACKR.COM
JSON to CSV / CSV to JSON
Convert JSON arrays to tabular CSV or transform CSV rows into JSON objects.
FREE TOOL
Runs in your browser","Create a square 1:1 social-media promotional graphic for Codepackr.com featuring JSON to CSV / CSV to JSON. Use the attached Codepackr reference images only as branding inspiration, not as a copy. Dark modern developer-tool aesthetic, deep navy/black background, orange/yellow Codepackr accent, white clean typography, subtle visual elements related to JSON to CSV / CSV to JSON, strong mobile readability, generous spacing, professional SaaS/developer-tool style. Include exactly these main text elements: CODEPACKR.COM, JSON to CSV / CSV to JSON, Convert JSON arrays to tabular CSV or transform CSV rows into JSON objects., FREE TOOL, Runs in your browser. Do not add hashtags, long paragraphs, fake statistics, fake UI, or unsupported claims. No spelling errors."
111,Case Converter,https://www.codepackr.com/case-converter,"Case Converter: one less developer task to handle manually.

Convert identifiers between camelCase, snake_case, kebab-case, PascalCase, and more.. Codepackr gives you a simple browser-based way to get the job done quickly, without adding another tool to your local setup.

Try it here: https://www.codepackr.com/case-converter

#Codepackr #Developer #DevTools #CaseConverter #Converters","Case Converter: Convert identifiers between camelCase, snake_case, kebab-case, PascalCase, and more.. Try it free: https://www.codepackr.com/case-converter #Codepackr #Developer #DevTools #CaseConverter #Converters",214,#Codepackr #Developer #DevTools #CaseConverter #Converters,"CODEPACKR.COM
Case Converter
Convert identifiers between camelCase, snake_case, kebab-case, PascalCase, and more.
FREE TOOL
Runs in your browser","Create a square 1:1 social-media promotional graphic for Codepackr.com featuring Case Converter. Use the attached Codepackr reference images only as branding inspiration, not as a copy. Dark modern developer-tool aesthetic, deep navy/black background, orange/yellow Codepackr accent, white clean typography, subtle visual elements related to Case Converter, strong mobile readability, generous spacing, professional SaaS/developer-tool style. Include exactly these main text elements: CODEPACKR.COM, Case Converter, Convert identifiers between camelCase, snake_case, kebab-case, PascalCase, and more., FREE TOOL, Runs in your browser. Do not add hashtags, long paragraphs, fake statistics, fake UI, or unsupported claims. No spelling errors."
112,YAML to JSON Converter,https://www.codepackr.com/yaml-json-converter,"YAML to JSON Converter: one less developer task to handle manually.

Convert back and forth between YAML syntax and formatted JSON.. Codepackr gives you a simple browser-based way to get the job done quickly, without adding another tool to your local setup.

Try it here: https://www.codepackr.com/yaml-json-converter

#Codepackr #Developer #DevTools #YAMLtoJSONConverter #Converters",YAML to JSON Converter: Convert back and forth between YAML syntax and formatted JSON.. Try it free: https://www.codepackr.com/yaml-json-converter #Codepackr #Developer #DevTools #YAMLtoJSONConverter #Converters,211,#Codepackr #Developer #DevTools #YAMLtoJSONConverter #Converters,"CODEPACKR.COM
YAML to JSON Converter
Convert back and forth between YAML syntax and formatted JSON.
FREE TOOL
Runs in your browser","Create a square 1:1 social-media promotional graphic for Codepackr.com featuring YAML to JSON Converter. Use the attached Codepackr reference images only as branding inspiration, not as a copy. Dark modern developer-tool aesthetic, deep navy/black background, orange/yellow Codepackr accent, white clean typography, subtle visual elements related to YAML to JSON Converter, strong mobile readability, generous spacing, professional SaaS/developer-tool style. Include exactly these main text elements: CODEPACKR.COM, YAML to JSON Converter, Convert back and forth between YAML syntax and formatted JSON., FREE TOOL, Runs in your browser. Do not add hashtags, long paragraphs, fake statistics, fake UI, or unsupported claims. No spelling errors."
113,Number Base Converter,https://www.codepackr.com/number-base-converter,"Number Base Converter: one less developer task to handle manually.

Convert values simultaneously between Binary, Octal, Decimal, and Hexadecimal.. Codepackr gives you a simple browser-based way to get the job done quickly, without adding another tool to your local setup.

Try it here: https://www.codepackr.com/number-base-converter

#Codepackr #Developer #DevTools #NumberBaseConverter #Converters","Number Base Converter: Convert values simultaneously between Binary, Octal, Decimal, and Hexadecimal.. Try it free: https://www.codepackr.com/number-base-converter #Codepackr #Developer #DevTools #NumberBaseConverter #Converters",228,#Codepackr #Developer #DevTools #NumberBaseConverter #Converters,"CODEPACKR.COM
Number Base Converter
Convert values simultaneously between Binary, Octal, Decimal, and Hexadecimal.
FREE TOOL
Runs in your browser","Create a square 1:1 social-media promotional graphic for Codepackr.com featuring Number Base Converter. Use the attached Codepackr reference images only as branding inspiration, not as a copy. Dark modern developer-tool aesthetic, deep navy/black background, orange/yellow Codepackr accent, white clean typography, subtle visual elements related to Number Base Converter, strong mobile readability, generous spacing, professional SaaS/developer-tool style. Include exactly these main text elements: CODEPACKR.COM, Number Base Converter, Convert values simultaneously between Binary, Octal, Decimal, and Hexadecimal., FREE TOOL, Runs in your browser. Do not add hashtags, long paragraphs, fake statistics, fake UI, or unsupported claims. No spelling errors."
114,Markdown to HTML / HTML to Markdown,https://www.codepackr.com/markdown-html-converter,"Markdown to HTML / HTML to Markdown: one less developer task to handle manually.

Convert Markdown into HTML markup or extract Markdown from HTML tags.. Codepackr gives you a simple browser-based way to get the job done quickly, without adding another tool to your local setup.

Try it here: https://www.codepackr.com/markdown-html-converter

#Codepackr #Developer #DevTools #MarkdowntoHTMLHTMLtoMarkdown #Converters",Markdown to HTML / HTML to Markdown: Convert Markdown into HTML markup or extract Markdown from HTML tags.. Try it free: https://www.codepackr.com/markdown-html-converter #Codepackr #Developer #DevTools #MarkdowntoHTMLHTMLtoMarkdown #Converters,244,#Codepackr #Developer #DevTools #MarkdowntoHTMLHTMLtoMarkdown #Converters,"CODEPACKR.COM
Markdown to HTML / HTML to Markdown
Convert Markdown into HTML markup or extract Markdown from HTML tags.
FREE TOOL
Runs in your browser","Create a square 1:1 social-media promotional graphic for Codepackr.com featuring Markdown to HTML / HTML to Markdown. Use the attached Codepackr reference images only as branding inspiration, not as a copy. Dark modern developer-tool aesthetic, deep navy/black background, orange/yellow Codepackr accent, white clean typography, subtle visual elements related to Markdown to HTML / HTML to Markdown, strong mobile readability, generous spacing, professional SaaS/developer-tool style. Include exactly these main text elements: CODEPACKR.COM, Markdown to HTML / HTML to Markdown, Convert Markdown into HTML markup or extract Markdown from HTML tags., FREE TOOL, Runs in your browser. Do not add hashtags, long paragraphs, fake statistics, fake UI, or unsupported claims. No spelling errors."
115,cURL to Code Converter,https://www.codepackr.com/curl-code-converter,"cURL to Code Converter: one less developer task to handle manually.

Convert cURL command strings to JavaScript Fetch, Axios, Node.js, and Python requests.. Codepackr gives you a simple browser-based way to get the job done quickly, without adding another tool to your local setup.

Try it here: https://www.codepackr.com/curl-code-converter

#Codepackr #Developer #DevTools #cURLtoCodeConverter #Converters","cURL to Code Converter: Convert cURL command strings to JavaScript Fetch, Axios, Node.js, and Python requests.. Try it free: https://www.codepackr.com/curl-code-converter #Codepackr #Developer #DevTools #cURLtoCodeConverter #Converters",235,#Codepackr #Developer #DevTools #cURLtoCodeConverter #Converters,"CODEPACKR.COM
cURL to Code Converter
Convert cURL command strings to JavaScript Fetch, Axios, Node.js, and Python requests.
FREE TOOL
Runs in your browser","Create a square 1:1 social-media promotional graphic for Codepackr.com featuring cURL to Code Converter. Use the attached Codepackr reference images only as branding inspiration, not as a copy. Dark modern developer-tool aesthetic, deep navy/black background, orange/yellow Codepackr accent, white clean typography, subtle visual elements related to cURL to Code Converter, strong mobile readability, generous spacing, professional SaaS/developer-tool style. Include exactly these main text elements: CODEPACKR.COM, cURL to Code Converter, Convert cURL command strings to JavaScript Fetch, Axios, Node.js, and Python requests., FREE TOOL, Runs in your browser. Do not add hashtags, long paragraphs, fake statistics, fake UI, or unsupported claims. No spelling errors."
116,CSV to XML Converter,https://www.codepackr.com/csv-xml-converter,"CSV to XML Converter: one less developer task to handle manually.

Transform tabular CSV spreadsheets into structured XML records.. Codepackr gives you a simple browser-based way to get the job done quickly, without adding another tool to your local setup.

Try it here: https://www.codepackr.com/csv-xml-converter

#Codepackr #Developer #DevTools #CSVtoXMLConverter #Converters",CSV to XML Converter: Transform tabular CSV spreadsheets into structured XML records.. Try it free: https://www.codepackr.com/csv-xml-converter #Codepackr #Developer #DevTools #CSVtoXMLConverter #Converters,206,#Codepackr #Developer #DevTools #CSVtoXMLConverter #Converters,"CODEPACKR.COM
CSV to XML Converter
Transform tabular CSV spreadsheets into structured XML records.
FREE TOOL
Runs in your browser","Create a square 1:1 social-media promotional graphic for Codepackr.com featuring CSV to XML Converter. Use the attached Codepackr reference images only as branding inspiration, not as a copy. Dark modern developer-tool aesthetic, deep navy/black background, orange/yellow Codepackr accent, white clean typography, subtle visual elements related to CSV to XML Converter, strong mobile readability, generous spacing, professional SaaS/developer-tool style. Include exactly these main text elements: CODEPACKR.COM, CSV to XML Converter, Transform tabular CSV spreadsheets into structured XML records., FREE TOOL, Runs in your browser. Do not add hashtags, long paragraphs, fake statistics, fake UI, or unsupported claims. No spelling errors."
117,HTML to Markdown Converter,https://www.codepackr.com/html-markdown-converter,"HTML to Markdown Converter: one less developer task to handle manually.

Convert HTML markup back into clean, readable Markdown syntax.. Codepackr gives you a simple browser-based way to get the job done quickly, without adding another tool to your local setup.

Try it here: https://www.codepackr.com/html-markdown-converter

#Codepackr #Developer #DevTools #HTMLtoMarkdownConverter #Converters","HTML to Markdown Converter: Convert HTML markup back into clean, readable Markdown syntax.. Try it free: https://www.codepackr.com/html-markdown-converter #Codepackr #Developer #DevTools #HTMLtoMarkdownConverter #Converters",223,#Codepackr #Developer #DevTools #HTMLtoMarkdownConverter #Converters,"CODEPACKR.COM
HTML to Markdown Converter
Convert HTML markup back into clean, readable Markdown syntax.
FREE TOOL
Runs in your browser","Create a square 1:1 social-media promotional graphic for Codepackr.com featuring HTML to Markdown Converter. Use the attached Codepackr reference images only as branding inspiration, not as a copy. Dark modern developer-tool aesthetic, deep navy/black background, orange/yellow Codepackr accent, white clean typography, subtle visual elements related to HTML to Markdown Converter, strong mobile readability, generous spacing, professional SaaS/developer-tool style. Include exactly these main text elements: CODEPACKR.COM, HTML to Markdown Converter, Convert HTML markup back into clean, readable Markdown syntax., FREE TOOL, Runs in your browser. Do not add hashtags, long paragraphs, fake statistics, fake UI, or unsupported claims. No spelling errors."
118,Image Resizer & Target Size Compressor,https://www.codepackr.com/image-target-compressor,"Image Resizer & Target Size Compressor: one less developer task to handle manually.

Resize images to exact dimensions in pixels (px), centimeters (cm), millimeters (mm), or inches with DPI control, and compress to a strict maximum target file size (KB/MB) client-side.. Codepackr gives you a simple browser-based way to get the job done quickly, without adding another tool to your local setup.

Try it here: https://www.codepackr.com/image-target-compressor

#Codepackr #Developer #DevTools #ImageResizerTargetSizeCompressor #Image","Image Resizer & Target Size Compressor: Resize images to exact dimensions in pixels (px), centimeters (cm), millimeters (mm), or inches with DPI control, and compress to a strict maximum target file size (KB/MB) client-side.. Try it free: https://www.codepackr.com/image-target-compressor #Codepackr #Developer #DevTools #ImageResizerTargetSizeCompressor #Image",361,#Codepackr #Developer #DevTools #ImageResizerTargetSizeCompressor #Image,"CODEPACKR.COM
Image Resizer & Target Size Compressor
Resize images to exact dimensions in pixels (px), centimeters (cm), millimeters (mm), or inches with DPI control, and compress to a strict maximum target file size (KB/MB) client-side.
FREE TOOL
Runs in your browser","Create a square 1:1 social-media promotional graphic for Codepackr.com featuring Image Resizer & Target Size Compressor. Use the attached Codepackr reference images only as branding inspiration, not as a copy. Dark modern developer-tool aesthetic, deep navy/black background, orange/yellow Codepackr accent, white clean typography, subtle visual elements related to Image Resizer & Target Size Compressor, strong mobile readability, generous spacing, professional SaaS/developer-tool style. Include exactly these main text elements: CODEPACKR.COM, Image Resizer & Target Size Compressor, Resize images to exact dimensions in pixels (px), centimeters (cm), millimeters (mm), or inches with DPI control, and compress to a strict maximum target file size (KB/MB) client-side., FREE TOOL, Runs in your browser. Do not add hashtags, long paragraphs, fake statistics, fake UI, or unsupported claims. No spelling errors."
119,Base64 Image Converter,https://www.codepackr.com/base64-image,"Base64 Image Converter: one less developer task to handle manually.

Convert images to base64 Data URLs or preview images from base64 strings.. Codepackr gives you a simple browser-based way to get the job done quickly, without adding another tool to your local setup.

Try it here: https://www.codepackr.com/base64-image

#Codepackr #Developer #DevTools #Base64ImageConverter #Image",Base64 Image Converter: Convert images to base64 Data URLs or preview images from base64 strings.. Try it free: https://www.codepackr.com/base64-image #Codepackr #Developer #DevTools #Base64ImageConverter #Image,211,#Codepackr #Developer #DevTools #Base64ImageConverter #Image,"CODEPACKR.COM
Base64 Image Converter
Convert images to base64 Data URLs or preview images from base64 strings.
FREE TOOL
Runs in your browser","Create a square 1:1 social-media promotional graphic for Codepackr.com featuring Base64 Image Converter. Use the attached Codepackr reference images only as branding inspiration, not as a copy. Dark modern developer-tool aesthetic, deep navy/black background, orange/yellow Codepackr accent, white clean typography, subtle visual elements related to Base64 Image Converter, strong mobile readability, generous spacing, professional SaaS/developer-tool style. Include exactly these main text elements: CODEPACKR.COM, Base64 Image Converter, Convert images to base64 Data URLs or preview images from base64 strings., FREE TOOL, Runs in your browser. Do not add hashtags, long paragraphs, fake statistics, fake UI, or unsupported claims. No spelling errors."
120,EDI to CSV & CSV to EDI Converter,https://www.codepackr.com/edi-csv-converter,"EDI to CSV & CSV to EDI Converter: one less developer task to handle manually.

Convert ANSI X12 and EDIFACT messages into flattened CSV or Excel spreadsheets, or generate compliant EDI 850/810 documents directly from spreadsheet tables.. Codepackr gives you a simple browser-based way to get the job done quickly, without adding another tool to your local setup.

Try it here: https://www.codepackr.com/edi-csv-converter

#Codepackr #Developer #DevTools #EDItoCSVCSVtoEDIConverter #Edi","EDI to CSV & CSV to EDI Converter: Convert ANSI X12 and EDIFACT messages into flattened CSV or Excel spreadsheets, or generate compliant EDI 850/810 documents directly from spreadsheet tables.. Try it free: https://www.codepackr.com/edi-csv-converter #Codepackr #Developer #DevTools #EDItoCSVCSVtoEDIConverter #Edi",314,#Codepackr #Developer #DevTools #EDItoCSVCSVtoEDIConverter #Edi,"CODEPACKR.COM
EDI to CSV & CSV to EDI Converter
Convert ANSI X12 and EDIFACT messages into flattened CSV or Excel spreadsheets, or generate compliant EDI 850/810 documents directly from spreadsheet tables.
FREE TOOL
Runs in your browser","Create a square 1:1 social-media promotional graphic for Codepackr.com featuring EDI to CSV & CSV to EDI Converter. Use the attached Codepackr reference images only as branding inspiration, not as a copy. Dark modern developer-tool aesthetic, deep navy/black background, orange/yellow Codepackr accent, white clean typography, subtle visual elements related to EDI to CSV & CSV to EDI Converter, strong mobile readability, generous spacing, professional SaaS/developer-tool style. Include exactly these main text elements: CODEPACKR.COM, EDI to CSV & CSV to EDI Converter, Convert ANSI X12 and EDIFACT messages into flattened CSV or Excel spreadsheets, or generate compliant EDI 850/810 documents directly from spreadsheet tables., FREE TOOL, Runs in your browser. Do not add hashtags, long paragraphs, fake statistics, fake UI, or unsupported claims. No spelling errors."
121,EDI HIPAA De-Identifier & PHI Sanitizer,https://www.codepackr.com/edi-hipaa-sanitizer,"EDI HIPAA De-Identifier & PHI Sanitizer: one less developer task to handle manually.

100% client-side HIPAA Safe Harbor (45 CFR § 164.514(b)) de-identifier to mask patient names, SSNs, member IDs, DOBs, and addresses in 837/835/270 transactions with audit logging.. Codepackr gives you a simple browser-based way to get the job done quickly, without adding another tool to your local setup.

Try it here: https://www.codepackr.com/edi-hipaa-sanitizer

#Codepackr #Developer #DevTools #EDIHIPAADeIdentifierPHISanitizer #Edi","EDI HIPAA De-Identifier & PHI Sanitizer: 100% client-side HIPAA Safe Harbor (45 CFR § 164.514(b)) de-identifier to mask patient names, SSNs, member IDs, DOBs, and addresses in 837/835/270 transactions with audit logging.. Try it free: https://www.codepackr.com/edi-hipaa-sanitizer #Codepackr #Developer #DevTools #EDIHIPAADeIdentifierPHISanitizer #Edi",351,#Codepackr #Developer #DevTools #EDIHIPAADeIdentifierPHISanitizer #Edi,"CODEPACKR.COM
EDI HIPAA De-Identifier & PHI Sanitizer
100% client-side HIPAA Safe Harbor (45 CFR § 164.514(b)) de-identifier to mask patient names, SSNs, member IDs, DOBs, and addresses in 837/835/270 transactions with audit logging.
FREE TOOL
Runs in your browser","Create a square 1:1 social-media promotional graphic for Codepackr.com featuring EDI HIPAA De-Identifier & PHI Sanitizer. Use the attached Codepackr reference images only as branding inspiration, not as a copy. Dark modern developer-tool aesthetic, deep navy/black background, orange/yellow Codepackr accent, white clean typography, subtle visual elements related to EDI HIPAA De-Identifier & PHI Sanitizer, strong mobile readability, generous spacing, professional SaaS/developer-tool style. Include exactly these main text elements: CODEPACKR.COM, EDI HIPAA De-Identifier & PHI Sanitizer, 100% client-side HIPAA Safe Harbor (45 CFR § 164.514(b)) de-identifier to mask patient names, SSNs, member IDs, DOBs, and addresses in 837/835/270 transactions with audit logging., FREE TOOL, Runs in your browser. Do not add hashtags, long paragraphs, fake statistics, fake UI, or unsupported claims. No spelling errors."
122,EDI Batch Splitter & Joiner,https://www.codepackr.com/edi-batch-splitter,"EDI Batch Splitter & Joiner: one less developer task to handle manually.

Split multi-transaction ANSI X12 and EDIFACT EDI files by Functional Group (GS/GE), Transaction Set (ST/SE), or PO/Claim numbers, and merge files with auto-recalculated envelopes.. Codepackr gives you a simple browser-based way to get the job done quickly, without adding another tool to your local setup.

Try it here: https://www.codepackr.com/edi-batch-splitter

#Codepackr #Developer #DevTools #EDIBatchSplitterJoiner #Edi","EDI Batch Splitter & Joiner: Split multi-transaction ANSI X12 and EDIFACT EDI files by Functional Group (GS/GE), Transaction Set (ST/SE), or PO/Claim numbers, and merge files with auto-recalculated envelopes.. Try it free: https://www.codepackr.com/edi-batch-splitter #Codepackr #Developer #DevTools #EDIBatchSplitterJoiner #Edi",328,#Codepackr #Developer #DevTools #EDIBatchSplitterJoiner #Edi,"CODEPACKR.COM
EDI Batch Splitter & Joiner
Split multi-transaction ANSI X12 and EDIFACT EDI files by Functional Group (GS/GE), Transaction Set (ST/SE), or PO/Claim numbers, and merge files with auto-recalculated envelopes.
FREE TOOL
Runs in your browser","Create a square 1:1 social-media promotional graphic for Codepackr.com featuring EDI Batch Splitter & Joiner. Use the attached Codepackr reference images only as branding inspiration, not as a copy. Dark modern developer-tool aesthetic, deep navy/black background, orange/yellow Codepackr accent, white clean typography, subtle visual elements related to EDI Batch Splitter & Joiner, strong mobile readability, generous spacing, professional SaaS/developer-tool style. Include exactly these main text elements: CODEPACKR.COM, EDI Batch Splitter & Joiner, Split multi-transaction ANSI X12 and EDIFACT EDI files by Functional Group (GS/GE), Transaction Set (ST/SE), or PO/Claim numbers, and merge files with auto-recalculated envelopes., FREE TOOL, Runs in your browser. Do not add hashtags, long paragraphs, fake statistics, fake UI, or unsupported claims. No spelling errors."
123,EDI Semantic Diff & Compare,https://www.codepackr.com/edi-diff-compare,"EDI Semantic Diff & Compare: one less developer task to handle manually.

Compare two ANSI X12 or EDIFACT documents side-by-side or unified with loop alignment, element-level mutation highlights, and volatile envelope ignoring.. Codepackr gives you a simple browser-based way to get the job done quickly, without adding another tool to your local setup.

Try it here: https://www.codepackr.com/edi-diff-compare

#Codepackr #Developer #DevTools #EDISemanticDiffCompare #Edi","EDI Semantic Diff & Compare: Compare two ANSI X12 or EDIFACT documents side-by-side or unified with loop alignment, element-level mutation highlights, and volatile envelope ignoring.. Try it free: https://www.codepackr.com/edi-diff-compare #Codepackr #Developer #DevTools #EDISemanticDiffCompare #Edi",300,#Codepackr #Developer #DevTools #EDISemanticDiffCompare #Edi,"CODEPACKR.COM
EDI Semantic Diff & Compare
Compare two ANSI X12 or EDIFACT documents side-by-side or unified with loop alignment, element-level mutation highlights, and volatile envelope ignoring.
FREE TOOL
Runs in your browser","Create a square 1:1 social-media promotional graphic for Codepackr.com featuring EDI Semantic Diff & Compare. Use the attached Codepackr reference images only as branding inspiration, not as a copy. Dark modern developer-tool aesthetic, deep navy/black background, orange/yellow Codepackr accent, white clean typography, subtle visual elements related to EDI Semantic Diff & Compare, strong mobile readability, generous spacing, professional SaaS/developer-tool style. Include exactly these main text elements: CODEPACKR.COM, EDI Semantic Diff & Compare, Compare two ANSI X12 or EDIFACT documents side-by-side or unified with loop alignment, element-level mutation highlights, and volatile envelope ignoring., FREE TOOL, Runs in your browser. Do not add hashtags, long paragraphs, fake statistics, fake UI, or unsupported claims. No spelling errors."
124,EDI Inbound & Outbound Integration Gateway,https://www.codepackr.com/edi-message-gateway,"EDI Inbound & Outbound Integration Gateway: one less developer task to handle manually.

Receive, analyze, decode, validate, transform, and generate EDI messages across inbound and outbound pipelines with user-provided schemas and canonical models.. Codepackr gives you a simple browser-based way to get the job done quickly, without adding another tool to your local setup.

Try it here: https://www.codepackr.com/edi-message-gateway

#Codepackr #Developer #DevTools #EDIInboundOutboundIntegrationGateway #Edi","EDI Inbound & Outbound Integration Gateway: Receive, analyze, decode, validate, transform, and generate EDI messages across inbound and outbound pipelines with user-provided schemas and canonical models.. Try it free: https://www.codepackr.com/edi-message-gateway #Codepackr #Developer #DevTools #EDIInboundOutboundIntegrationGateway #Edi",338,#Codepackr #Developer #DevTools #EDIInboundOutboundIntegrationGateway #Edi,"CODEPACKR.COM
EDI Inbound & Outbound Integration Gateway
Receive, analyze, decode, validate, transform, and generate EDI messages across inbound and outbound pipelines with user-provided schemas and canonical models.
FREE TOOL
Runs in your browser","Create a square 1:1 social-media promotional graphic for Codepackr.com featuring EDI Inbound & Outbound Integration Gateway. Use the attached Codepackr reference images only as branding inspiration, not as a copy. Dark modern developer-tool aesthetic, deep navy/black background, orange/yellow Codepackr accent, white clean typography, subtle visual elements related to EDI Inbound & Outbound Integration Gateway, strong mobile readability, generous spacing, professional SaaS/developer-tool style. Include exactly these main text elements: CODEPACKR.COM, EDI Inbound & Outbound Integration Gateway, Receive, analyze, decode, validate, transform, and generate EDI messages across inbound and outbound pipelines with user-provided schemas and canonical models., FREE TOOL, Runs in your browser. Do not add hashtags, long paragraphs, fake statistics, fake UI, or unsupported claims. No spelling errors."
125,EDI Hierarchical Schema Viewer & Element Lookup,https://www.codepackr.com/edi-schema-viewer,"EDI Hierarchical Schema Viewer & Element Lookup: one less developer task to handle manually.

Explore ANSI X12 loops, segment structures, element positions (BEG01, PO102), and standard code dictionaries with synchronized raw text highlighting.. Codepackr gives you a simple browser-based way to get the job done quickly, without adding another tool to your local setup.

Try it here: https://www.codepackr.com/edi-schema-viewer

#Codepackr #Developer #DevTools #EDIHierarchicalSchemaViewerElementLookup #Edi","EDI Hierarchical Schema Viewer & Element Lookup: Explore ANSI X12 loops, segment structures, element positions (BEG01, PO102), and standard code dictionaries with synchronized raw text highlighting.. Try it free: https://www.codepackr.com/edi-schema-viewer #Codepackr #Developer #DevTools #EDIHierarchicalSchemaViewerElementLookup #Edi",335,#Codepackr #Developer #DevTools #EDIHierarchicalSchemaViewerElementLookup #Edi,"CODEPACKR.COM
EDI Hierarchical Schema Viewer & Element Lookup
Explore ANSI X12 loops, segment structures, element positions (BEG01, PO102), and standard code dictionaries with synchronized raw text highlighting.
FREE TOOL
Runs in your browser","Create a square 1:1 social-media promotional graphic for Codepackr.com featuring EDI Hierarchical Schema Viewer & Element Lookup. Use the attached Codepackr reference images only as branding inspiration, not as a copy. Dark modern developer-tool aesthetic, deep navy/black background, orange/yellow Codepackr accent, white clean typography, subtle visual elements related to EDI Hierarchical Schema Viewer & Element Lookup, strong mobile readability, generous spacing, professional SaaS/developer-tool style. Include exactly these main text elements: CODEPACKR.COM, EDI Hierarchical Schema Viewer & Element Lookup, Explore ANSI X12 loops, segment structures, element positions (BEG01, PO102), and standard code dictionaries with synchronized raw text highlighting., FREE TOOL, Runs in your browser. Do not add hashtags, long paragraphs, fake statistics, fake UI, or unsupported claims. No spelling errors."
126,XML to XSD Schema Generator,https://www.codepackr.com/xml-to-xsd,"XML to XSD Schema Generator: one less developer task to handle manually.

Infer W3C XML Schema (.xsd) definitions from XML instances with automatic data type detection and unbounded cardinality.. Codepackr gives you a simple browser-based way to get the job done quickly, without adding another tool to your local setup.

Try it here: https://www.codepackr.com/xml-to-xsd

#Codepackr #Developer #DevTools #XMLtoXSDSchemaGenerator #Xml",XML to XSD Schema Generator: Infer W3C XML Schema (.xsd) definitions from XML instances with automatic data type detection and unbounded cardinality.. Try it free: https://www.codepackr.com/xml-to-xsd #Codepackr #Developer #DevTools #XMLtoXSDSchemaGenerator #Xml,262,#Codepackr #Developer #DevTools #XMLtoXSDSchemaGenerator #Xml,"CODEPACKR.COM
XML to XSD Schema Generator
Infer W3C XML Schema (.xsd) definitions from XML instances with automatic data type detection and unbounded cardinality.
FREE TOOL
Runs in your browser","Create a square 1:1 social-media promotional graphic for Codepackr.com featuring XML to XSD Schema Generator. Use the attached Codepackr reference images only as branding inspiration, not as a copy. Dark modern developer-tool aesthetic, deep navy/black background, orange/yellow Codepackr accent, white clean typography, subtle visual elements related to XML to XSD Schema Generator, strong mobile readability, generous spacing, professional SaaS/developer-tool style. Include exactly these main text elements: CODEPACKR.COM, XML to XSD Schema Generator, Infer W3C XML Schema (.xsd) definitions from XML instances with automatic data type detection and unbounded cardinality., FREE TOOL, Runs in your browser. Do not add hashtags, long paragraphs, fake statistics, fake UI, or unsupported claims. No spelling errors."
127,XSD to XML Sample Generator,https://www.codepackr.com/xsd-to-xml,"XSD to XML Sample Generator: one less developer task to handle manually.

Synthesize conforming, realistic XML sample documents from W3C XSD schemas with sample data.. Codepackr gives you a simple browser-based way to get the job done quickly, without adding another tool to your local setup.

Try it here: https://www.codepackr.com/xsd-to-xml

#Codepackr #Developer #DevTools #XSDtoXMLSampleGenerator #Xml","XSD to XML Sample Generator: Synthesize conforming, realistic XML sample documents from W3C XSD schemas with sample data.. Try it free: https://www.codepackr.com/xsd-to-xml #Codepackr #Developer #DevTools #XSDtoXMLSampleGenerator #Xml",234,#Codepackr #Developer #DevTools #XSDtoXMLSampleGenerator #Xml,"CODEPACKR.COM
XSD to XML Sample Generator
Synthesize conforming, realistic XML sample documents from W3C XSD schemas with sample data.
FREE TOOL
Runs in your browser","Create a square 1:1 social-media promotional graphic for Codepackr.com featuring XSD to XML Sample Generator. Use the attached Codepackr reference images only as branding inspiration, not as a copy. Dark modern developer-tool aesthetic, deep navy/black background, orange/yellow Codepackr accent, white clean typography, subtle visual elements related to XSD to XML Sample Generator, strong mobile readability, generous spacing, professional SaaS/developer-tool style. Include exactly these main text elements: CODEPACKR.COM, XSD to XML Sample Generator, Synthesize conforming, realistic XML sample documents from W3C XSD schemas with sample data., FREE TOOL, Runs in your browser. Do not add hashtags, long paragraphs, fake statistics, fake UI, or unsupported claims. No spelling errors."
128,XPath Tester & Evaluator,https://www.codepackr.com/xpath-evaluator,"XPath Tester & Evaluator: one less developer task to handle manually.

Evaluate XPath 1.0 expressions against XML documents with matched nodes inspector, counts, and cheat sheets.. Codepackr gives you a simple browser-based way to get the job done quickly, without adding another tool to your local setup.

Try it here: https://www.codepackr.com/xpath-evaluator

#Codepackr #Developer #DevTools #XPathTesterEvaluator #Xml","XPath Tester & Evaluator: Evaluate XPath 1.0 expressions against XML documents with matched nodes inspector, counts, and cheat sheets.. Try it free: https://www.codepackr.com/xpath-evaluator #Codepackr #Developer #DevTools #XPathTesterEvaluator #Xml",249,#Codepackr #Developer #DevTools #XPathTesterEvaluator #Xml,"CODEPACKR.COM
XPath Tester & Evaluator
Evaluate XPath 1.0 expressions against XML documents with matched nodes inspector, counts, and cheat sheets.
FREE TOOL
Runs in your browser","Create a square 1:1 social-media promotional graphic for Codepackr.com featuring XPath Tester & Evaluator. Use the attached Codepackr reference images only as branding inspiration, not as a copy. Dark modern developer-tool aesthetic, deep navy/black background, orange/yellow Codepackr accent, white clean typography, subtle visual elements related to XPath Tester & Evaluator, strong mobile readability, generous spacing, professional SaaS/developer-tool style. Include exactly these main text elements: CODEPACKR.COM, XPath Tester & Evaluator, Evaluate XPath 1.0 expressions against XML documents with matched nodes inspector, counts, and cheat sheets., FREE TOOL, Runs in your browser. Do not add hashtags, long paragraphs, fake statistics, fake UI, or unsupported claims. No spelling errors."
129,XML Entity & CDATA Escaper,https://www.codepackr.com/xml-escape-tool,"XML Entity & CDATA Escaper: one less developer task to handle manually.

Escape/unescape special XML characters, wrap/unwrap CDATA blocks, and minify XML markup.. Codepackr gives you a simple browser-based way to get the job done quickly, without adding another tool to your local setup.

Try it here: https://www.codepackr.com/xml-escape-tool

#Codepackr #Developer #DevTools #XMLEntityCDATAEscaper #Xml","XML Entity & CDATA Escaper: Escape/unescape special XML characters, wrap/unwrap CDATA blocks, and minify XML markup.. Try it free: https://www.codepackr.com/xml-escape-tool #Codepackr #Developer #DevTools #XMLEntityCDATAEscaper #Xml",232,#Codepackr #Developer #DevTools #XMLEntityCDATAEscaper #Xml,"CODEPACKR.COM
XML Entity & CDATA Escaper
Escape/unescape special XML characters, wrap/unwrap CDATA blocks, and minify XML markup.
FREE TOOL
Runs in your browser","Create a square 1:1 social-media promotional graphic for Codepackr.com featuring XML Entity & CDATA Escaper. Use the attached Codepackr reference images only as branding inspiration, not as a copy. Dark modern developer-tool aesthetic, deep navy/black background, orange/yellow Codepackr accent, white clean typography, subtle visual elements related to XML Entity & CDATA Escaper, strong mobile readability, generous spacing, professional SaaS/developer-tool style. Include exactly these main text elements: CODEPACKR.COM, XML Entity & CDATA Escaper, Escape/unescape special XML characters, wrap/unwrap CDATA blocks, and minify XML markup., FREE TOOL, Runs in your browser. Do not add hashtags, long paragraphs, fake statistics, fake UI, or unsupported claims. No spelling errors."
130,QR Code Generator,https://www.codepackr.com/qr-generator,"QR Code Generator: one less developer task to handle manually.

Generate high-resolution, downloadable QR code images for URLs and text.. Codepackr gives you a simple browser-based way to get the job done quickly, without adding another tool to your local setup.

Try it here: https://www.codepackr.com/qr-generator

#Codepackr #Developer #DevTools #QRCodeGenerator #Utilities","QR Code Generator: Generate high-resolution, downloadable QR code images for URLs and text.. Try it free: https://www.codepackr.com/qr-generator #Codepackr #Developer #DevTools #QRCodeGenerator #Utilities",204,#Codepackr #Developer #DevTools #QRCodeGenerator #Utilities,"CODEPACKR.COM
QR Code Generator
Generate high-resolution, downloadable QR code images for URLs and text.
FREE TOOL
Runs in your browser","Create a square 1:1 social-media promotional graphic for Codepackr.com featuring QR Code Generator. Use the attached Codepackr reference images only as branding inspiration, not as a copy. Dark modern developer-tool aesthetic, deep navy/black background, orange/yellow Codepackr accent, white clean typography, subtle visual elements related to QR Code Generator, strong mobile readability, generous spacing, professional SaaS/developer-tool style. Include exactly these main text elements: CODEPACKR.COM, QR Code Generator, Generate high-resolution, downloadable QR code images for URLs and text., FREE TOOL, Runs in your browser. Do not add hashtags, long paragraphs, fake statistics, fake UI, or unsupported claims. No spelling errors."
131,Lorem Ipsum Generator,https://www.codepackr.com/lorem-ipsum,"Lorem Ipsum Generator: one less developer task to handle manually.

Generate paragraphs, sentences, or words of placeholder Lorem Ipsum text.. Codepackr gives you a simple browser-based way to get the job done quickly, without adding another tool to your local setup.

Try it here: https://www.codepackr.com/lorem-ipsum

#Codepackr #Developer #DevTools #LoremIpsumGenerator #Utilities","Lorem Ipsum Generator: Generate paragraphs, sentences, or words of placeholder Lorem Ipsum text.. Try it free: https://www.codepackr.com/lorem-ipsum #Codepackr #Developer #DevTools #LoremIpsumGenerator #Utilities",212,#Codepackr #Developer #DevTools #LoremIpsumGenerator #Utilities,"CODEPACKR.COM
Lorem Ipsum Generator
Generate paragraphs, sentences, or words of placeholder Lorem Ipsum text.
FREE TOOL
Runs in your browser","Create a square 1:1 social-media promotional graphic for Codepackr.com featuring Lorem Ipsum Generator. Use the attached Codepackr reference images only as branding inspiration, not as a copy. Dark modern developer-tool aesthetic, deep navy/black background, orange/yellow Codepackr accent, white clean typography, subtle visual elements related to Lorem Ipsum Generator, strong mobile readability, generous spacing, professional SaaS/developer-tool style. Include exactly these main text elements: CODEPACKR.COM, Lorem Ipsum Generator, Generate paragraphs, sentences, or words of placeholder Lorem Ipsum text., FREE TOOL, Runs in your browser. Do not add hashtags, long paragraphs, fake statistics, fake UI, or unsupported claims. No spelling errors."
132,Color Converter,https://www.codepackr.com/color-converter,"Color Converter: one less developer task to handle manually.

Convert colors between HEX, RGB, RGBA, HSL, and preview contrast.. Codepackr gives you a simple browser-based way to get the job done quickly, without adding another tool to your local setup.

Try it here: https://www.codepackr.com/color-converter

#Codepackr #Developer #DevTools #ColorConverter #Utilities","Color Converter: Convert colors between HEX, RGB, RGBA, HSL, and preview contrast.. Try it free: https://www.codepackr.com/color-converter #Codepackr #Developer #DevTools #ColorConverter #Utilities",197,#Codepackr #Developer #DevTools #ColorConverter #Utilities,"CODEPACKR.COM
Color Converter
Convert colors between HEX, RGB, RGBA, HSL, and preview contrast.
FREE TOOL
Runs in your browser","Create a square 1:1 social-media promotional graphic for Codepackr.com featuring Color Converter. Use the attached Codepackr reference images only as branding inspiration, not as a copy. Dark modern developer-tool aesthetic, deep navy/black background, orange/yellow Codepackr accent, white clean typography, subtle visual elements related to Color Converter, strong mobile readability, generous spacing, professional SaaS/developer-tool style. Include exactly these main text elements: CODEPACKR.COM, Color Converter, Convert colors between HEX, RGB, RGBA, HSL, and preview contrast., FREE TOOL, Runs in your browser. Do not add hashtags, long paragraphs, fake statistics, fake UI, or unsupported claims. No spelling errors."
133,Unix Timestamp Converter,https://www.codepackr.com/timestamp,"Unix Timestamp Converter: one less developer task to handle manually.

Convert Unix epoch timestamps to human-readable dates and vice versa.. Codepackr gives you a simple browser-based way to get the job done quickly, without adding another tool to your local setup.

Try it here: https://www.codepackr.com/timestamp

#Codepackr #Developer #DevTools #UnixTimestampConverter #Utilities",Unix Timestamp Converter: Convert Unix epoch timestamps to human-readable dates and vice versa.. Try it free: https://www.codepackr.com/timestamp #Codepackr #Developer #DevTools #UnixTimestampConverter #Utilities,212,#Codepackr #Developer #DevTools #UnixTimestampConverter #Utilities,"CODEPACKR.COM
Unix Timestamp Converter
Convert Unix epoch timestamps to human-readable dates and vice versa.
FREE TOOL
Runs in your browser","Create a square 1:1 social-media promotional graphic for Codepackr.com featuring Unix Timestamp Converter. Use the attached Codepackr reference images only as branding inspiration, not as a copy. Dark modern developer-tool aesthetic, deep navy/black background, orange/yellow Codepackr accent, white clean typography, subtle visual elements related to Unix Timestamp Converter, strong mobile readability, generous spacing, professional SaaS/developer-tool style. Include exactly these main text elements: CODEPACKR.COM, Unix Timestamp Converter, Convert Unix epoch timestamps to human-readable dates and vice versa., FREE TOOL, Runs in your browser. Do not add hashtags, long paragraphs, fake statistics, fake UI, or unsupported claims. No spelling errors."
134,Cron Expression Builder,https://www.codepackr.com/cron-expression,"Cron Expression Builder: one less developer task to handle manually.

Build, validate, and understand standard 5-part cron schedules with human explanations.. Codepackr gives you a simple browser-based way to get the job done quickly, without adding another tool to your local setup.

Try it here: https://www.codepackr.com/cron-expression

#Codepackr #Developer #DevTools #CronExpressionBuilder #Utilities","Cron Expression Builder: Build, validate, and understand standard 5-part cron schedules with human explanations.. Try it free: https://www.codepackr.com/cron-expression #Codepackr #Developer #DevTools #CronExpressionBuilder #Utilities",234,#Codepackr #Developer #DevTools #CronExpressionBuilder #Utilities,"CODEPACKR.COM
Cron Expression Builder
Build, validate, and understand standard 5-part cron schedules with human explanations.
FREE TOOL
Runs in your browser","Create a square 1:1 social-media promotional graphic for Codepackr.com featuring Cron Expression Builder. Use the attached Codepackr reference images only as branding inspiration, not as a copy. Dark modern developer-tool aesthetic, deep navy/black background, orange/yellow Codepackr accent, white clean typography, subtle visual elements related to Cron Expression Builder, strong mobile readability, generous spacing, professional SaaS/developer-tool style. Include exactly these main text elements: CODEPACKR.COM, Cron Expression Builder, Build, validate, and understand standard 5-part cron schedules with human explanations., FREE TOOL, Runs in your browser. Do not add hashtags, long paragraphs, fake statistics, fake UI, or unsupported claims. No spelling errors."
135,Slugify Tool,https://www.codepackr.com/slugify,"Slugify Tool: one less developer task to handle manually.

Convert titles and phrases into clean, URL-friendly kebab-case slugs.. Codepackr gives you a simple browser-based way to get the job done quickly, without adding another tool to your local setup.

Try it here: https://www.codepackr.com/slugify

#Codepackr #Developer #DevTools #SlugifyTool #Utilities","Slugify Tool: Convert titles and phrases into clean, URL-friendly kebab-case slugs.. Try it free: https://www.codepackr.com/slugify #Codepackr #Developer #DevTools #SlugifyTool #Utilities",187,#Codepackr #Developer #DevTools #SlugifyTool #Utilities,"CODEPACKR.COM
Slugify Tool
Convert titles and phrases into clean, URL-friendly kebab-case slugs.
FREE TOOL
Runs in your browser","Create a square 1:1 social-media promotional graphic for Codepackr.com featuring Slugify Tool. Use the attached Codepackr reference images only as branding inspiration, not as a copy. Dark modern developer-tool aesthetic, deep navy/black background, orange/yellow Codepackr accent, white clean typography, subtle visual elements related to Slugify Tool, strong mobile readability, generous spacing, professional SaaS/developer-tool style. Include exactly these main text elements: CODEPACKR.COM, Slugify Tool, Convert titles and phrases into clean, URL-friendly kebab-case slugs., FREE TOOL, Runs in your browser. Do not add hashtags, long paragraphs, fake statistics, fake UI, or unsupported claims. No spelling errors."
136,Advanced Mock Data Generator,https://www.codepackr.com/mock-json-generator,"Advanced Mock Data Generator: one less developer task to handle manually.

Generate realistic mock data records with custom schema fields, exported as JSON, CSV, or SQL INSERT statements.. Codepackr gives you a simple browser-based way to get the job done quickly, without adding another tool to your local setup.

Try it here: https://www.codepackr.com/mock-json-generator

#Codepackr #Developer #DevTools #AdvancedMockDataGenerator #Utilities","Advanced Mock Data Generator: Generate realistic mock data records with custom schema fields, exported as JSON, CSV, or SQL INSERT statements.. Try it free: https://www.codepackr.com/mock-json-generator #Codepackr #Developer #DevTools #AdvancedMockDataGenerator #Utilities",272,#Codepackr #Developer #DevTools #AdvancedMockDataGenerator #Utilities,"CODEPACKR.COM
Advanced Mock Data Generator
Generate realistic mock data records with custom schema fields, exported as JSON, CSV, or SQL INSERT statements.
FREE TOOL
Runs in your browser","Create a square 1:1 social-media promotional graphic for Codepackr.com featuring Advanced Mock Data Generator. Use the attached Codepackr reference images only as branding inspiration, not as a copy. Dark modern developer-tool aesthetic, deep navy/black background, orange/yellow Codepackr accent, white clean typography, subtle visual elements related to Advanced Mock Data Generator, strong mobile readability, generous spacing, professional SaaS/developer-tool style. Include exactly these main text elements: CODEPACKR.COM, Advanced Mock Data Generator, Generate realistic mock data records with custom schema fields, exported as JSON, CSV, or SQL INSERT statements., FREE TOOL, Runs in your browser. Do not add hashtags, long paragraphs, fake statistics, fake UI, or unsupported claims. No spelling errors."
137,EDI to CSV Spreadsheet Converter,https://www.codepackr.com/edi-to-csv,"EDI to CSV Spreadsheet Converter: one less developer task to handle manually.

Convert ANSI X12 and EDIFACT messages into flattened CSV or Excel spreadsheets, or generate compliant EDI 850/810 documents directly from spreadsheet tables.. Codepackr gives you a simple browser-based way to get the job done quickly, without adding another tool to your local setup.

Try it here: https://www.codepackr.com/edi-to-csv

#Codepackr #Developer #DevTools #EDItoCSVSpreadsheetConverter #Edi","EDI to CSV Spreadsheet Converter: Convert ANSI X12 and EDIFACT messages into flattened CSV or Excel spreadsheets, or generate compliant EDI 850/810 documents directly from spreadsheet tables.. Try it free: https://www.codepackr.com/edi-to-csv #Codepackr #Developer #DevTools #EDItoCSVSpreadsheetConverter #Edi",309,#Codepackr #Developer #DevTools #EDItoCSVSpreadsheetConverter #Edi,"CODEPACKR.COM
EDI to CSV Spreadsheet Converter
Convert ANSI X12 and EDIFACT messages into flattened CSV or Excel spreadsheets, or generate compliant EDI 850/810 documents directly from spreadsheet tables.
FREE TOOL
Runs in your browser","Create a square 1:1 social-media promotional graphic for Codepackr.com featuring EDI to CSV Spreadsheet Converter. Use the attached Codepackr reference images only as branding inspiration, not as a copy. Dark modern developer-tool aesthetic, deep navy/black background, orange/yellow Codepackr accent, white clean typography, subtle visual elements related to EDI to CSV Spreadsheet Converter, strong mobile readability, generous spacing, professional SaaS/developer-tool style. Include exactly these main text elements: CODEPACKR.COM, EDI to CSV Spreadsheet Converter, Convert ANSI X12 and EDIFACT messages into flattened CSV or Excel spreadsheets, or generate compliant EDI 850/810 documents directly from spreadsheet tables., FREE TOOL, Runs in your browser. Do not add hashtags, long paragraphs, fake statistics, fake UI, or unsupported claims. No spelling errors."
138,CSV to EDI X12 Generator,https://www.codepackr.com/csv-to-edi,"CSV to EDI X12 Generator: one less developer task to handle manually.

Generate valid ANSI ASC X12 850 Purchase Order and 810 Invoice EDI files from CSV spreadsheets with automatic enveloping and control counts.. Codepackr gives you a simple browser-based way to get the job done quickly, without adding another tool to your local setup.

Try it here: https://www.codepackr.com/csv-to-edi

#Codepackr #Developer #DevTools #CSVtoEDIX12Generator #Edi",CSV to EDI X12 Generator: Generate valid ANSI ASC X12 850 Purchase Order and 810 Invoice EDI files from CSV spreadsheets with automatic enveloping and control counts.. Try it free: https://www.codepackr.com/csv-to-edi #Codepackr #Developer #DevTools #CSVtoEDIX12Generator #Edi,276,#Codepackr #Developer #DevTools #CSVtoEDIX12Generator #Edi,"CODEPACKR.COM
CSV to EDI X12 Generator
Generate valid ANSI ASC X12 850 Purchase Order and 810 Invoice EDI files from CSV spreadsheets with automatic enveloping and control counts.
FREE TOOL
Runs in your browser","Create a square 1:1 social-media promotional graphic for Codepackr.com featuring CSV to EDI X12 Generator. Use the attached Codepackr reference images only as branding inspiration, not as a copy. Dark modern developer-tool aesthetic, deep navy/black background, orange/yellow Codepackr accent, white clean typography, subtle visual elements related to CSV to EDI X12 Generator, strong mobile readability, generous spacing, professional SaaS/developer-tool style. Include exactly these main text elements: CODEPACKR.COM, CSV to EDI X12 Generator, Generate valid ANSI ASC X12 850 Purchase Order and 810 Invoice EDI files from CSV spreadsheets with automatic enveloping and control counts., FREE TOOL, Runs in your browser. Do not add hashtags, long paragraphs, fake statistics, fake UI, or unsupported claims. No spelling errors."
139,EDI Multi-Transaction Splitter,https://www.codepackr.com/edi-splitter,"EDI Multi-Transaction Splitter: one less developer task to handle manually.

Split multi-transaction ANSI X12 and EDIFACT EDI files by Functional Group (GS/GE), Transaction Set (ST/SE), or PO/Claim numbers, and merge files with auto-recalculated envelopes.. Codepackr gives you a simple browser-based way to get the job done quickly, without adding another tool to your local setup.

Try it here: https://www.codepackr.com/edi-splitter

#Codepackr #Developer #DevTools #EDIMultiTransactionSplitter #Edi","EDI Multi-Transaction Splitter: Split multi-transaction ANSI X12 and EDIFACT EDI files by Functional Group (GS/GE), Transaction Set (ST/SE), or PO/Claim numbers, and merge files with auto-recalculated envelopes.. Try it free: https://www.codepackr.com/edi-splitter #Codepackr #Developer #DevTools #EDIMultiTransactionSplitter #Edi",330,#Codepackr #Developer #DevTools #EDIMultiTransactionSplitter #Edi,"CODEPACKR.COM
EDI Multi-Transaction Splitter
Split multi-transaction ANSI X12 and EDIFACT EDI files by Functional Group (GS/GE), Transaction Set (ST/SE), or PO/Claim numbers, and merge files with auto-recalculated envelopes.
FREE TOOL
Runs in your browser","Create a square 1:1 social-media promotional graphic for Codepackr.com featuring EDI Multi-Transaction Splitter. Use the attached Codepackr reference images only as branding inspiration, not as a copy. Dark modern developer-tool aesthetic, deep navy/black background, orange/yellow Codepackr accent, white clean typography, subtle visual elements related to EDI Multi-Transaction Splitter, strong mobile readability, generous spacing, professional SaaS/developer-tool style. Include exactly these main text elements: CODEPACKR.COM, EDI Multi-Transaction Splitter, Split multi-transaction ANSI X12 and EDIFACT EDI files by Functional Group (GS/GE), Transaction Set (ST/SE), or PO/Claim numbers, and merge files with auto-recalculated envelopes., FREE TOOL, Runs in your browser. Do not add hashtags, long paragraphs, fake statistics, fake UI, or unsupported claims. No spelling errors."
140,EDI X12 & EDIFACT Diff Tool,https://www.codepackr.com/edi-diff,"EDI X12 & EDIFACT Diff Tool: one less developer task to handle manually.

Compare two ANSI X12 or EDIFACT documents side-by-side or unified with loop alignment, element-level mutation highlights, and volatile envelope ignoring.. Codepackr gives you a simple browser-based way to get the job done quickly, without adding another tool to your local setup.

Try it here: https://www.codepackr.com/edi-diff

#Codepackr #Developer #DevTools #EDIX12EDIFACTDiffTool #Edi","EDI X12 & EDIFACT Diff Tool: Compare two ANSI X12 or EDIFACT documents side-by-side or unified with loop alignment, element-level mutation highlights, and volatile envelope ignoring.. Try it free: https://www.codepackr.com/edi-diff #Codepackr #Developer #DevTools #EDIX12EDIFACTDiffTool #Edi",291,#Codepackr #Developer #DevTools #EDIX12EDIFACTDiffTool #Edi,"CODEPACKR.COM
EDI X12 & EDIFACT Diff Tool
Compare two ANSI X12 or EDIFACT documents side-by-side or unified with loop alignment, element-level mutation highlights, and volatile envelope ignoring.
FREE TOOL
Runs in your browser","Create a square 1:1 social-media promotional graphic for Codepackr.com featuring EDI X12 & EDIFACT Diff Tool. Use the attached Codepackr reference images only as branding inspiration, not as a copy. Dark modern developer-tool aesthetic, deep navy/black background, orange/yellow Codepackr accent, white clean typography, subtle visual elements related to EDI X12 & EDIFACT Diff Tool, strong mobile readability, generous spacing, professional SaaS/developer-tool style. Include exactly these main text elements: CODEPACKR.COM, EDI X12 & EDIFACT Diff Tool, Compare two ANSI X12 or EDIFACT documents side-by-side or unified with loop alignment, element-level mutation highlights, and volatile envelope ignoring., FREE TOOL, Runs in your browser. Do not add hashtags, long paragraphs, fake statistics, fake UI, or unsupported claims. No spelling errors."
141,EDI Inbound & Outbound Integration Gateway,https://www.codepackr.com/edi-inbound-outbound-gateway,"EDI Inbound & Outbound Integration Gateway: one less developer task to handle manually.

Free online edi inbound outbound gateway tool for developers. Fast, client-side, and private.. Codepackr gives you a simple browser-based way to get the job done quickly, without adding another tool to your local setup.

Try it here: https://www.codepackr.com/edi-inbound-outbound-gateway

#Codepackr #Developer #DevTools #EDIInboundOutboundIntegrationGateway #Edi","EDI Inbound & Outbound Integration Gateway: Free online edi inbound outbound gateway tool for developers. Fast, client-side, and private.. Try it free: https://www.codepackr.com/edi-inbound-outbound-gateway #Codepackr #Developer #DevTools #EDIInboundOutboundIntegrationGateway #Edi",281,#Codepackr #Developer #DevTools #EDIInboundOutboundIntegrationGateway #Edi,"CODEPACKR.COM
EDI Inbound & Outbound Integration Gateway
Free online edi inbound outbound gateway tool for developers. Fast, client-side, and private.
FREE TOOL
Runs in your browser","Create a square 1:1 social-media promotional graphic for Codepackr.com featuring EDI Inbound & Outbound Integration Gateway. Use the attached Codepackr reference images only as branding inspiration, not as a copy. Dark modern developer-tool aesthetic, deep navy/black background, orange/yellow Codepackr accent, white clean typography, subtle visual elements related to EDI Inbound & Outbound Integration Gateway, strong mobile readability, generous spacing, professional SaaS/developer-tool style. Include exactly these main text elements: CODEPACKR.COM, EDI Inbound & Outbound Integration Gateway, Free online edi inbound outbound gateway tool for developers. Fast, client-side, and private., FREE TOOL, Runs in your browser. Do not add hashtags, long paragraphs, fake statistics, fake UI, or unsupported claims. No spelling errors."
142,EDI Message Gateway & Analyzer,https://www.codepackr.com/edi-gateway-analyzer,"EDI Message Gateway & Analyzer: one less developer task to handle manually.

Receive, analyze, decode, validate, transform, and generate EDI messages across inbound and outbound pipelines with user-provided schemas and canonical models.. Codepackr gives you a simple browser-based way to get the job done quickly, without adding another tool to your local setup.

Try it here: https://www.codepackr.com/edi-gateway-analyzer

#Codepackr #Developer #DevTools #EDIMessageGatewayAnalyzer #Edi","EDI Message Gateway & Analyzer: Receive, analyze, decode, validate, transform, and generate EDI messages across inbound and outbound pipelines with user-provided schemas and canonical models.. Try it free: https://www.codepackr.com/edi-gateway-analyzer #Codepackr #Developer #DevTools #EDIMessageGatewayAnalyzer #Edi",316,#Codepackr #Developer #DevTools #EDIMessageGatewayAnalyzer #Edi,"CODEPACKR.COM
EDI Message Gateway & Analyzer
Receive, analyze, decode, validate, transform, and generate EDI messages across inbound and outbound pipelines with user-provided schemas and canonical models.
FREE TOOL
Runs in your browser","Create a square 1:1 social-media promotional graphic for Codepackr.com featuring EDI Message Gateway & Analyzer. Use the attached Codepackr reference images only as branding inspiration, not as a copy. Dark modern developer-tool aesthetic, deep navy/black background, orange/yellow Codepackr accent, white clean typography, subtle visual elements related to EDI Message Gateway & Analyzer, strong mobile readability, generous spacing, professional SaaS/developer-tool style. Include exactly these main text elements: CODEPACKR.COM, EDI Message Gateway & Analyzer, Receive, analyze, decode, validate, transform, and generate EDI messages across inbound and outbound pipelines with user-provided schemas and canonical models., FREE TOOL, Runs in your browser. Do not add hashtags, long paragraphs, fake statistics, fake UI, or unsupported claims. No spelling errors."
143,JSON to Type Definition Converter,https://www.codepackr.com/json-to-definition,"JSON to Type Definition Converter: one less developer task to handle manually.

Generate strongly-typed schemas and interfaces from raw JSON data across 7+ popular programming languages.. Codepackr gives you a simple browser-based way to get the job done quickly, without adding another tool to your local setup.

Try it here: https://www.codepackr.com/json-to-definition

#Codepackr #Developer #DevTools #JSONtoTypeDefinitionConverter #Converters",JSON to Type Definition Converter: Generate strongly-typed schemas and interfaces from raw JSON data across 7+ popular programming languages.. Try it free: https://www.codepackr.com/json-to-definition #Codepackr #Developer #DevTools #JSONtoTypeDefinitionConverter #Converters,275,#Codepackr #Developer #DevTools #JSONtoTypeDefinitionConverter #Converters,"CODEPACKR.COM
JSON to Type Definition Converter
Generate strongly-typed schemas and interfaces from raw JSON data across 7+ popular programming languages.
FREE TOOL
Runs in your browser","Create a square 1:1 social-media promotional graphic for Codepackr.com featuring JSON to Type Definition Converter. Use the attached Codepackr reference images only as branding inspiration, not as a copy. Dark modern developer-tool aesthetic, deep navy/black background, orange/yellow Codepackr accent, white clean typography, subtle visual elements related to JSON to Type Definition Converter, strong mobile readability, generous spacing, professional SaaS/developer-tool style. Include exactly these main text elements: CODEPACKR.COM, JSON to Type Definition Converter, Generate strongly-typed schemas and interfaces from raw JSON data across 7+ popular programming languages., FREE TOOL, Runs in your browser. Do not add hashtags, long paragraphs, fake statistics, fake UI, or unsupported claims. No spelling errors."
144,Database Connection String Builder,https://www.codepackr.com/connection-string-builder,"Database Connection String Builder: one less developer task to handle manually.

Construct, format, and parse database connection URIs for PostgreSQL, MySQL, MongoDB Atlas, and Redis with client-side privacy.. Codepackr gives you a simple browser-based way to get the job done quickly, without adding another tool to your local setup.

Try it here: https://www.codepackr.com/connection-string-builder

#Codepackr #Developer #DevTools #DatabaseConnectionStringBuilder #Formatters","Database Connection String Builder: Construct, format, and parse database connection URIs for PostgreSQL, MySQL, MongoDB Atlas, and Redis with client-side privacy.. Try it free: https://www.codepackr.com/connection-string-builder #Codepackr #Developer #DevTools #DatabaseConnectionStringBuilder #Formatters",306,#Codepackr #Developer #DevTools #DatabaseConnectionStringBuilder #Formatters,"CODEPACKR.COM
Database Connection String Builder
Construct, format, and parse database connection URIs for PostgreSQL, MySQL, MongoDB Atlas, and Redis with client-side privacy.
FREE TOOL
Runs in your browser","Create a square 1:1 social-media promotional graphic for Codepackr.com featuring Database Connection String Builder. Use the attached Codepackr reference images only as branding inspiration, not as a copy. Dark modern developer-tool aesthetic, deep navy/black background, orange/yellow Codepackr accent, white clean typography, subtle visual elements related to Database Connection String Builder, strong mobile readability, generous spacing, professional SaaS/developer-tool style. Include exactly these main text elements: CODEPACKR.COM, Database Connection String Builder, Construct, format, and parse database connection URIs for PostgreSQL, MySQL, MongoDB Atlas, and Redis with client-side privacy., FREE TOOL, Runs in your browser. Do not add hashtags, long paragraphs, fake statistics, fake UI, or unsupported claims. No spelling errors."
145,JWT Inspector & Token Validator,https://www.codepackr.com/jwt-validator,"JWT Inspector & Token Validator: one less developer task to handle manually.

Inspect, decode, and validate JSON Web Token (JWT) headers, payloads, signatures, and expiration status in browser memory.. Codepackr gives you a simple browser-based way to get the job done quickly, without adding another tool to your local setup.

Try it here: https://www.codepackr.com/jwt-validator

#Codepackr #Developer #DevTools #JWTInspectorTokenValidator #Encoders","JWT Inspector & Token Validator: Inspect, decode, and validate JSON Web Token (JWT) headers, payloads, signatures, and expiration status in browser memory.. Try it free: https://www.codepackr.com/jwt-validator #Codepackr #Developer #DevTools #JWTInspectorTokenValidator #Encoders",279,#Codepackr #Developer #DevTools #JWTInspectorTokenValidator #Encoders,"CODEPACKR.COM
JWT Inspector & Token Validator
Inspect, decode, and validate JSON Web Token (JWT) headers, payloads, signatures, and expiration status in browser memory.
FREE TOOL
Runs in your browser","Create a square 1:1 social-media promotional graphic for Codepackr.com featuring JWT Inspector & Token Validator. Use the attached Codepackr reference images only as branding inspiration, not as a copy. Dark modern developer-tool aesthetic, deep navy/black background, orange/yellow Codepackr accent, white clean typography, subtle visual elements related to JWT Inspector & Token Validator, strong mobile readability, generous spacing, professional SaaS/developer-tool style. Include exactly these main text elements: CODEPACKR.COM, JWT Inspector & Token Validator, Inspect, decode, and validate JSON Web Token (JWT) headers, payloads, signatures, and expiration status in browser memory., FREE TOOL, Runs in your browser. Do not add hashtags, long paragraphs, fake statistics, fake UI, or unsupported claims. No spelling errors."
146,OpenAPI & Swagger Spec Validator,https://www.codepackr.com/swagger-validator,"OpenAPI & Swagger Spec Validator: one less developer task to handle manually.

Validate, parse, and inspect structural syntax and endpoint routes for OpenAPI 3.0 and Swagger API specifications.. Codepackr gives you a simple browser-based way to get the job done quickly, without adding another tool to your local setup.

Try it here: https://www.codepackr.com/swagger-validator

#Codepackr #Developer #DevTools #OpenAPISwaggerSpecValidator #Validators","OpenAPI & Swagger Spec Validator: Validate, parse, and inspect structural syntax and endpoint routes for OpenAPI 3.0 and Swagger API specifications.. Try it free: https://www.codepackr.com/swagger-validator #Codepackr #Developer #DevTools #OpenAPISwaggerSpecValidator #Validators",279,#Codepackr #Developer #DevTools #OpenAPISwaggerSpecValidator #Validators,"CODEPACKR.COM
OpenAPI & Swagger Spec Validator
Validate, parse, and inspect structural syntax and endpoint routes for OpenAPI 3.0 and Swagger API specifications.
FREE TOOL
Runs in your browser","Create a square 1:1 social-media promotional graphic for Codepackr.com featuring OpenAPI & Swagger Spec Validator. Use the attached Codepackr reference images only as branding inspiration, not as a copy. Dark modern developer-tool aesthetic, deep navy/black background, orange/yellow Codepackr accent, white clean typography, subtle visual elements related to OpenAPI & Swagger Spec Validator, strong mobile readability, generous spacing, professional SaaS/developer-tool style. Include exactly these main text elements: CODEPACKR.COM, OpenAPI & Swagger Spec Validator, Validate, parse, and inspect structural syntax and endpoint routes for OpenAPI 3.0 and Swagger API specifications., FREE TOOL, Runs in your browser. Do not add hashtags, long paragraphs, fake statistics, fake UI, or unsupported claims. No spelling errors."
147,Kubernetes & Docker YAML Linter,https://www.codepackr.com/k8s-validator,"Kubernetes & Docker YAML Linter: one less developer task to handle manually.

Free online k8s validator tool for developers. Fast, client-side, and private.. Codepackr gives you a simple browser-based way to get the job done quickly, without adding another tool to your local setup.

Try it here: https://www.codepackr.com/k8s-validator

#Codepackr #Developer #DevTools #KubernetesDockerYAMLLinter #Validators","Kubernetes & Docker YAML Linter: Free online k8s validator tool for developers. Fast, client-side, and private.. Try it free: https://www.codepackr.com/k8s-validator #Codepackr #Developer #DevTools #KubernetesDockerYAMLLinter #Validators",237,#Codepackr #Developer #DevTools #KubernetesDockerYAMLLinter #Validators,"CODEPACKR.COM
Kubernetes & Docker YAML Linter
Free online k8s validator tool for developers. Fast, client-side, and private.
FREE TOOL
Runs in your browser","Create a square 1:1 social-media promotional graphic for Codepackr.com featuring Kubernetes & Docker YAML Linter. Use the attached Codepackr reference images only as branding inspiration, not as a copy. Dark modern developer-tool aesthetic, deep navy/black background, orange/yellow Codepackr accent, white clean typography, subtle visual elements related to Kubernetes & Docker YAML Linter, strong mobile readability, generous spacing, professional SaaS/developer-tool style. Include exactly these main text elements: CODEPACKR.COM, Kubernetes & Docker YAML Linter, Free online k8s validator tool for developers. Fast, client-side, and private., FREE TOOL, Runs in your browser. Do not add hashtags, long paragraphs, fake statistics, fake UI, or unsupported claims. No spelling errors."
148,Image Resizer & Target Size Compressor,https://www.codepackr.com/image-resizer-target-size,"Image Resizer & Target Size Compressor: one less developer task to handle manually.

Free online image resizer target size tool for developers. Fast, client-side, and private.. Codepackr gives you a simple browser-based way to get the job done quickly, without adding another tool to your local setup.

Try it here: https://www.codepackr.com/image-resizer-target-size

#Codepackr #Developer #DevTools #ImageResizerTargetSizeCompressor #Image","Image Resizer & Target Size Compressor: Free online image resizer target size tool for developers. Fast, client-side, and private.. Try it free: https://www.codepackr.com/image-resizer-target-size #Codepackr #Developer #DevTools #ImageResizerTargetSizeCompressor #Image",269,#Codepackr #Developer #DevTools #ImageResizerTargetSizeCompressor #Image,"CODEPACKR.COM
Image Resizer & Target Size Compressor
Free online image resizer target size tool for developers. Fast, client-side, and private.
FREE TOOL
Runs in your browser","Create a square 1:1 social-media promotional graphic for Codepackr.com featuring Image Resizer & Target Size Compressor. Use the attached Codepackr reference images only as branding inspiration, not as a copy. Dark modern developer-tool aesthetic, deep navy/black background, orange/yellow Codepackr accent, white clean typography, subtle visual elements related to Image Resizer & Target Size Compressor, strong mobile readability, generous spacing, professional SaaS/developer-tool style. Include exactly these main text elements: CODEPACKR.COM, Image Resizer & Target Size Compressor, Free online image resizer target size tool for developers. Fast, client-side, and private., FREE TOOL, Runs in your browser. Do not add hashtags, long paragraphs, fake statistics, fake UI, or unsupported claims. No spelling errors."
149,Passport & Visa Photo Size Reducer,https://www.codepackr.com/photo-size-reducer,"Passport & Visa Photo Size Reducer: one less developer task to handle manually.

Free online photo size reducer tool for developers. Fast, client-side, and private.. Codepackr gives you a simple browser-based way to get the job done quickly, without adding another tool to your local setup.

Try it here: https://www.codepackr.com/photo-size-reducer

#Codepackr #Developer #DevTools #PassportVisaPhotoSizeReducer #Image","Passport & Visa Photo Size Reducer: Free online photo size reducer tool for developers. Fast, client-side, and private.. Try it free: https://www.codepackr.com/photo-size-reducer #Codepackr #Developer #DevTools #PassportVisaPhotoSizeReducer #Image",247,#Codepackr #Developer #DevTools #PassportVisaPhotoSizeReducer #Image,"CODEPACKR.COM
Passport & Visa Photo Size Reducer
Free online photo size reducer tool for developers. Fast, client-side, and private.
FREE TOOL
Runs in your browser","Create a square 1:1 social-media promotional graphic for Codepackr.com featuring Passport & Visa Photo Size Reducer. Use the attached Codepackr reference images only as branding inspiration, not as a copy. Dark modern developer-tool aesthetic, deep navy/black background, orange/yellow Codepackr accent, white clean typography, subtle visual elements related to Passport & Visa Photo Size Reducer, strong mobile readability, generous spacing, professional SaaS/developer-tool style. Include exactly these main text elements: CODEPACKR.COM, Passport & Visa Photo Size Reducer, Free online photo size reducer tool for developers. Fast, client-side, and private., FREE TOOL, Runs in your browser. Do not add hashtags, long paragraphs, fake statistics, fake UI, or unsupported claims. No spelling errors."