No.,Tool,Exact Sitemap URL,LinkedIn Post,X.com Post,X Character Count,Mandatory + Relevant Hashtags,Image Text,Image Generation Prompt
1,EDI Tools Suite,https://www.codepackr.com/edi-tools,"EDI Tools Suite: one less developer task to handle manually.

Format, validate, convert, and inspect ANSI X12 and EDIFACT EDI documents. Codepackr gives you a simple browser-based way to get the job done quickly, without adding another tool to your local setup.

Try it here: https://www.codepackr.com/edi-tools

#Codepackr #Developer #DevTools #EDI #B2B #SupplyChain #EDITools #Enterprise","EDI Tools Suite: Format, validate, convert, and inspect ANSI X12 and EDIFACT EDI documents. Try it free: https://www.codepackr.com/edi-tools #Codepackr #Developer #DevTools #EDI #B2B #SupplyChain #EDITools #Enterprise",217,#Codepackr #Developer #DevTools #EDI #B2B #SupplyChain #EDITools #Enterprise,"CODEPACKR.COM
EDI Tools Suite
Format, validate, convert, and inspect ANSI X12 and EDIFACT EDI documents
FREE TOOL
Runs in your browser","Create a square 1:1 social-media promotional graphic for Codepackr.com featuring EDI Tools Suite. Use the attached Codepackr reference images only as branding inspiration, not as a copy. Dark modern developer-tool aesthetic, deep navy/black background, orange/yellow Codepackr accent, white clean typography, subtle visual elements related to EDI Tools Suite, strong mobile readability, generous spacing, professional SaaS/developer-tool style. Include exactly these main text elements: CODEPACKR.COM, EDI Tools Suite, Format, validate, convert, and inspect ANSI X12 and EDIFACT EDI documents, FREE TOOL, Runs in your browser. Do not add hashtags, long paragraphs, fake statistics, fake UI, or unsupported claims. No spelling errors."
2,EDI X12 Formatter & Beautifier,https://www.codepackr.com/edi-formatter,"EDI X12 Formatter & Beautifier: one less developer task to handle manually.

Format and inspect raw ANSI ASC X12 and EDIFACT EDI transactions. Codepackr gives you a simple browser-based way to get the job done quickly, without adding another tool to your local setup.

Try it here: https://www.codepackr.com/edi-formatter

#Codepackr #Developer #DevTools #EDI #X12 #EDIX12FormatterBeautifier #Formatter #Beautifier",EDI X12 Formatter & Beautifier: Format and inspect raw ANSI ASC X12 and EDIFACT EDI transactions. Try it free: https://www.codepackr.com/edi-formatter #Codepackr #Developer #DevTools #EDI #X12 #EDIX12FormatterBeautifier #Formatter #Beautifier,242,#Codepackr #Developer #DevTools #EDI #X12 #EDIX12FormatterBeautifier #Formatter #Beautifier,"CODEPACKR.COM
EDI X12 Formatter & Beautifier
Format and inspect raw ANSI ASC X12 and EDIFACT EDI transactions
FREE TOOL
Runs in your browser","Create a square 1:1 social-media promotional graphic for Codepackr.com featuring EDI X12 Formatter & Beautifier. Use the attached Codepackr reference images only as branding inspiration, not as a copy. Dark modern developer-tool aesthetic, deep navy/black background, orange/yellow Codepackr accent, white clean typography, subtle visual elements related to EDI X12 Formatter & Beautifier, strong mobile readability, generous spacing, professional SaaS/developer-tool style. Include exactly these main text elements: CODEPACKR.COM, EDI X12 Formatter & Beautifier, Format and inspect raw ANSI ASC X12 and EDIFACT EDI transactions, FREE TOOL, Runs in your browser. Do not add hashtags, long paragraphs, fake statistics, fake UI, or unsupported claims. No spelling errors."
3,EDI Segment Viewer,https://www.codepackr.com/edi-segment-viewer,"EDI Segment Viewer: one less developer task to handle manually.

Inspect EDI transactions by segment for easier troubleshooting. Codepackr gives you a simple browser-based way to get the job done quickly, without adding another tool to your local setup.

Try it here: https://www.codepackr.com/edi-segment-viewer

#Codepackr #Developer #DevTools #EDI #X12 #EDISegmentViewer #Segment #Viewer",EDI Segment Viewer: Inspect EDI transactions by segment for easier troubleshooting. Try it free: https://www.codepackr.com/edi-segment-viewer #Codepackr #Developer #DevTools #EDI #X12 #EDISegmentViewer #Segment #Viewer,218,#Codepackr #Developer #DevTools #EDI #X12 #EDISegmentViewer #Segment #Viewer,"CODEPACKR.COM
EDI Segment Viewer
Inspect EDI transactions by segment for easier troubleshooting
FREE TOOL
Runs in your browser","Create a square 1:1 social-media promotional graphic for Codepackr.com featuring EDI Segment Viewer. Use the attached Codepackr reference images only as branding inspiration, not as a copy. Dark modern developer-tool aesthetic, deep navy/black background, orange/yellow Codepackr accent, white clean typography, subtle visual elements related to EDI Segment Viewer, strong mobile readability, generous spacing, professional SaaS/developer-tool style. Include exactly these main text elements: CODEPACKR.COM, EDI Segment Viewer, Inspect EDI transactions by segment for easier troubleshooting, FREE TOOL, Runs in your browser. Do not add hashtags, long paragraphs, fake statistics, fake UI, or unsupported claims. No spelling errors."
4,EDI to JSON Converter,https://www.codepackr.com/edi-to-json,"EDI to JSON Converter: one less developer task to handle manually.

Convert EDI transaction data to clean structured JSON representations. Codepackr gives you a simple browser-based way to get the job done quickly, without adding another tool to your local setup.

Try it here: https://www.codepackr.com/edi-to-json

#Codepackr #Developer #DevTools #EDI #JSON #EDIJSONConverter #Converter",EDI to JSON Converter: Convert EDI transaction data to clean structured JSON representations. Try it free: https://www.codepackr.com/edi-to-json #Codepackr #Developer #DevTools #EDI #JSON #EDIJSONConverter #Converter,216,#Codepackr #Developer #DevTools #EDI #JSON #EDIJSONConverter #Converter,"CODEPACKR.COM
EDI to JSON Converter
Convert EDI transaction data to clean structured JSON representations
FREE TOOL
Runs in your browser","Create a square 1:1 social-media promotional graphic for Codepackr.com featuring EDI to JSON Converter. Use the attached Codepackr reference images only as branding inspiration, not as a copy. Dark modern developer-tool aesthetic, deep navy/black background, orange/yellow Codepackr accent, white clean typography, subtle visual elements related to EDI to JSON Converter, strong mobile readability, generous spacing, professional SaaS/developer-tool style. Include exactly these main text elements: CODEPACKR.COM, EDI to JSON Converter, Convert EDI transaction data to clean structured JSON representations, FREE TOOL, Runs in your browser. Do not add hashtags, long paragraphs, fake statistics, fake UI, or unsupported claims. No spelling errors."
5,EDI Validator,https://www.codepackr.com/edi-validator,"EDI Validator: one less developer task to handle manually.

Validate EDI transaction structure, envelope segments, and syntax. Codepackr gives you a simple browser-based way to get the job done quickly, without adding another tool to your local setup.

Try it here: https://www.codepackr.com/edi-validator

#Codepackr #Developer #DevTools #EDI #Validation #EDIValidator #Validator","EDI Validator: Validate EDI transaction structure, envelope segments, and syntax. Try it free: https://www.codepackr.com/edi-validator #Codepackr #Developer #DevTools #EDI #Validation #EDIValidator #Validator",208,#Codepackr #Developer #DevTools #EDI #Validation #EDIValidator #Validator,"CODEPACKR.COM
EDI Validator
Validate EDI transaction structure, envelope segments, and syntax
FREE TOOL
Runs in your browser","Create a square 1:1 social-media promotional graphic for Codepackr.com featuring EDI Validator. Use the attached Codepackr reference images only as branding inspiration, not as a copy. Dark modern developer-tool aesthetic, deep navy/black background, orange/yellow Codepackr accent, white clean typography, subtle visual elements related to EDI Validator, strong mobile readability, generous spacing, professional SaaS/developer-tool style. Include exactly these main text elements: CODEPACKR.COM, EDI Validator, Validate EDI transaction structure, envelope segments, and syntax, FREE TOOL, Runs in your browser. Do not add hashtags, long paragraphs, fake statistics, fake UI, or unsupported claims. No spelling errors."
6,EDI 997 & CONTRL Ack Generator,https://www.codepackr.com/edi-997-generator,"EDI 997 & CONTRL Ack Generator: one less developer task to handle manually.

Generate EDI 997 and EDIFACT CONTRL functional acknowledgments. Codepackr gives you a simple browser-based way to get the job done quickly, without adding another tool to your local setup.

Try it here: https://www.codepackr.com/edi-997-generator

#Codepackr #Developer #DevTools #EDI #X12 #EDI997Generator #997 #Generator",EDI 997 & CONTRL Ack Generator: Generate EDI 997 and EDIFACT CONTRL functional acknowledgments. Try it free: https://www.codepackr.com/edi-997-generator #Codepackr #Developer #DevTools #EDI #X12 #EDI997Generator #997 #Generator,227,#Codepackr #Developer #DevTools #EDI #X12 #EDI997Generator #997 #Generator,"CODEPACKR.COM
EDI 997 & CONTRL Ack Generator
Generate EDI 997 and EDIFACT CONTRL functional acknowledgments
FREE TOOL
Runs in your browser","Create a square 1:1 social-media promotional graphic for Codepackr.com featuring EDI 997 & CONTRL Ack Generator. Use the attached Codepackr reference images only as branding inspiration, not as a copy. Dark modern developer-tool aesthetic, deep navy/black background, orange/yellow Codepackr accent, white clean typography, subtle visual elements related to EDI 997 & CONTRL Ack Generator, strong mobile readability, generous spacing, professional SaaS/developer-tool style. Include exactly these main text elements: CODEPACKR.COM, EDI 997 & CONTRL Ack Generator, Generate EDI 997 and EDIFACT CONTRL functional acknowledgments, FREE TOOL, Runs in your browser. Do not add hashtags, long paragraphs, fake statistics, fake UI, or unsupported claims. No spelling errors."
7,JSON to EDI Converter,https://www.codepackr.com/json-to-edi,"JSON to EDI Converter: one less developer task to handle manually.

Transform JSON data into standard EDI-compliant transaction segments. Codepackr gives you a simple browser-based way to get the job done quickly, without adding another tool to your local setup.

Try it here: https://www.codepackr.com/json-to-edi

#Codepackr #Developer #DevTools #EDI #JSON #JSONtoEDI #Converter",JSON to EDI Converter: Transform JSON data into standard EDI-compliant transaction segments. Try it free: https://www.codepackr.com/json-to-edi #Codepackr #Developer #DevTools #EDI #JSON #JSONtoEDI #Converter,208,#Codepackr #Developer #DevTools #EDI #JSON #JSONtoEDI #Converter,"CODEPACKR.COM
JSON to EDI Converter
Transform JSON data into standard EDI-compliant transaction segments
FREE TOOL
Runs in your browser","Create a square 1:1 social-media promotional graphic for Codepackr.com featuring JSON to EDI Converter. Use the attached Codepackr reference images only as branding inspiration, not as a copy. Dark modern developer-tool aesthetic, deep navy/black background, orange/yellow Codepackr accent, white clean typography, subtle visual elements related to JSON to EDI Converter, strong mobile readability, generous spacing, professional SaaS/developer-tool style. Include exactly these main text elements: CODEPACKR.COM, JSON to EDI Converter, Transform JSON data into standard EDI-compliant transaction segments, FREE TOOL, Runs in your browser. Do not add hashtags, long paragraphs, fake statistics, fake UI, or unsupported claims. No spelling errors."
8,EDI Sample Generator,https://www.codepackr.com/edi-sample-generator,"EDI Sample Generator: one less developer task to handle manually.

Generate sample EDI data (850, 810, 856, ORDERS) for development and testing. Codepackr gives you a simple browser-based way to get the job done quickly, without adding another tool to your local setup.

Try it here: https://www.codepackr.com/edi-sample-generator

#Codepackr #Developer #DevTools #EDI #Testing #EDISampleGenerator #Sample #Generator","EDI Sample Generator: Generate sample EDI data (850, 810, 856, ORDERS) for development and testing. Try it free: https://www.codepackr.com/edi-sample-generator #Codepackr #Developer #DevTools #EDI #Testing #EDISampleGenerator #Sample #Generator",244,#Codepackr #Developer #DevTools #EDI #Testing #EDISampleGenerator #Sample #Generator,"CODEPACKR.COM
EDI Sample Generator
Generate sample EDI data (850, 810, 856, ORDERS) for development and testing
FREE TOOL
Runs in your browser","Create a square 1:1 social-media promotional graphic for Codepackr.com featuring EDI Sample Generator. Use the attached Codepackr reference images only as branding inspiration, not as a copy. Dark modern developer-tool aesthetic, deep navy/black background, orange/yellow Codepackr accent, white clean typography, subtle visual elements related to EDI Sample Generator, strong mobile readability, generous spacing, professional SaaS/developer-tool style. Include exactly these main text elements: CODEPACKR.COM, EDI Sample Generator, Generate sample EDI data (850, 810, 856, ORDERS) for development and testing, FREE TOOL, Runs in your browser. Do not add hashtags, long paragraphs, fake statistics, fake UI, or unsupported claims. No spelling errors."
9,EDI Delimiter Converter,https://www.codepackr.com/edi-delimiter-converter,"EDI Delimiter Converter: one less developer task to handle manually.

Convert EDI delimiters to match required transaction partner formats. Codepackr gives you a simple browser-based way to get the job done quickly, without adding another tool to your local setup.

Try it here: https://www.codepackr.com/edi-delimiter-converter

#Codepackr #Developer #DevTools #EDI #X12 #EDIDelimiterConverter #Delimiter #Converter",EDI Delimiter Converter: Convert EDI delimiters to match required transaction partner formats. Try it free: https://www.codepackr.com/edi-delimiter-converter #Codepackr #Developer #DevTools #EDI #X12 #EDIDelimiterConverter #Delimiter #Converter,244,#Codepackr #Developer #DevTools #EDI #X12 #EDIDelimiterConverter #Delimiter #Converter,"CODEPACKR.COM
EDI Delimiter Converter
Convert EDI delimiters to match required transaction partner formats
FREE TOOL
Runs in your browser","Create a square 1:1 social-media promotional graphic for Codepackr.com featuring EDI Delimiter Converter. Use the attached Codepackr reference images only as branding inspiration, not as a copy. Dark modern developer-tool aesthetic, deep navy/black background, orange/yellow Codepackr accent, white clean typography, subtle visual elements related to EDI Delimiter Converter, strong mobile readability, generous spacing, professional SaaS/developer-tool style. Include exactly these main text elements: CODEPACKR.COM, EDI Delimiter Converter, Convert EDI delimiters to match required transaction partner formats, FREE TOOL, Runs in your browser. Do not add hashtags, long paragraphs, fake statistics, fake UI, or unsupported claims. No spelling errors."
10,AS2 Message Suite & MDN Generator,https://www.codepackr.com/as2-tools,"AS2 Message Suite & MDN Generator: one less developer task to handle manually.

Encode, decode, parse MIME headers, calculate MICs, and generate AS2 MDN receipts. Codepackr gives you a simple browser-based way to get the job done quickly, without adding another tool to your local setup.

Try it here: https://www.codepackr.com/as2-tools

#Codepackr #Developer #DevTools #AS2 #EDI #CyberSecurity #MDN #B2BIntegration","AS2 Message Suite & MDN Generator: Encode, decode, parse MIME headers, calculate MICs, and generate AS2 MDN receipts. Try it free: https://www.codepackr.com/as2-tools #Codepackr #Developer #DevTools #AS2 #EDI #CyberSecurity #MDN #B2BIntegration",244,#Codepackr #Developer #DevTools #AS2 #EDI #CyberSecurity #MDN #B2BIntegration,"CODEPACKR.COM
AS2 Message Suite & MDN Generator
Encode, decode, parse MIME headers, calculate MICs, and generate AS2 MDN receipts
FREE TOOL
Runs in your browser","Create a square 1:1 social-media promotional graphic for Codepackr.com featuring AS2 Message Suite & MDN Generator. Use the attached Codepackr reference images only as branding inspiration, not as a copy. Dark modern developer-tool aesthetic, deep navy/black background, orange/yellow Codepackr accent, white clean typography, subtle visual elements related to AS2 Message Suite & MDN Generator, strong mobile readability, generous spacing, professional SaaS/developer-tool style. Include exactly these main text elements: CODEPACKR.COM, AS2 Message Suite & MDN Generator, Encode, decode, parse MIME headers, calculate MICs, and generate AS2 MDN receipts, FREE TOOL, Runs in your browser. Do not add hashtags, long paragraphs, fake statistics, fake UI, or unsupported claims. No spelling errors."
11,JSON Formatter,https://www.codepackr.com/json-formatter,"JSON Formatter: one less developer task to handle manually.

Format, validate, beautify, and indent JSON. Codepackr gives you a simple browser-based way to get the job done quickly, without adding another tool to your local setup.

Try it here: https://www.codepackr.com/json-formatter

#Codepackr #Developer #DevTools #JSON #WebDevelopment #JSONFormatter #Formatter","JSON Formatter: Format, validate, beautify, and indent JSON. Try it free: https://www.codepackr.com/json-formatter #Codepackr #Developer #DevTools #JSON #WebDevelopment #JSONFormatter #Formatter",194,#Codepackr #Developer #DevTools #JSON #WebDevelopment #JSONFormatter #Formatter,"CODEPACKR.COM
JSON Formatter
Format, validate, beautify, and indent JSON
FREE TOOL
Runs in your browser","Create a square 1:1 social-media promotional graphic for Codepackr.com featuring JSON Formatter. Use the attached Codepackr reference images only as branding inspiration, not as a copy. Dark modern developer-tool aesthetic, deep navy/black background, orange/yellow Codepackr accent, white clean typography, subtle visual elements related to JSON Formatter, strong mobile readability, generous spacing, professional SaaS/developer-tool style. Include exactly these main text elements: CODEPACKR.COM, JSON Formatter, Format, validate, beautify, and indent JSON, FREE TOOL, Runs in your browser. Do not add hashtags, long paragraphs, fake statistics, fake UI, or unsupported claims. No spelling errors."
12,JSON Minifier & Compressor,https://www.codepackr.com/json-minifier,"JSON Minifier & Compressor: one less developer task to handle manually.

Minify JSON by removing unnecessary whitespace to reduce payload size. Codepackr gives you a simple browser-based way to get the job done quickly, without adding another tool to your local setup.

Try it here: https://www.codepackr.com/json-minifier

#Codepackr #Developer #DevTools #JSON #APIs #JSONMinifierCompressor #Minifier #Compressor",JSON Minifier & Compressor: Minify JSON by removing unnecessary whitespace to reduce payload size. Try it free: https://www.codepackr.com/json-minifier #Codepackr #Developer #DevTools #JSON #APIs #JSONMinifierCompressor #Minifier #Compressor,241,#Codepackr #Developer #DevTools #JSON #APIs #JSONMinifierCompressor #Minifier #Compressor,"CODEPACKR.COM
JSON Minifier & Compressor
Minify JSON by removing unnecessary whitespace to reduce payload size
FREE TOOL
Runs in your browser","Create a square 1:1 social-media promotional graphic for Codepackr.com featuring JSON Minifier & Compressor. Use the attached Codepackr reference images only as branding inspiration, not as a copy. Dark modern developer-tool aesthetic, deep navy/black background, orange/yellow Codepackr accent, white clean typography, subtle visual elements related to JSON Minifier & Compressor, strong mobile readability, generous spacing, professional SaaS/developer-tool style. Include exactly these main text elements: CODEPACKR.COM, JSON Minifier & Compressor, Minify JSON by removing unnecessary whitespace to reduce payload size, FREE TOOL, Runs in your browser. Do not add hashtags, long paragraphs, fake statistics, fake UI, or unsupported claims. No spelling errors."
13,HTML Formatter,https://www.codepackr.com/html-formatter,"HTML Formatter: one less developer task to handle manually.

Beautify and indent HTML markup for easier reading. Codepackr gives you a simple browser-based way to get the job done quickly, without adding another tool to your local setup.

Try it here: https://www.codepackr.com/html-formatter

#Codepackr #Developer #DevTools #HTML #WebDevelopment #HTMLFormatter #Formatter",HTML Formatter: Beautify and indent HTML markup for easier reading. Try it free: https://www.codepackr.com/html-formatter #Codepackr #Developer #DevTools #HTML #WebDevelopment #HTMLFormatter #Formatter,201,#Codepackr #Developer #DevTools #HTML #WebDevelopment #HTMLFormatter #Formatter,"CODEPACKR.COM
HTML Formatter
Beautify and indent HTML markup for easier reading
FREE TOOL
Runs in your browser","Create a square 1:1 social-media promotional graphic for Codepackr.com featuring HTML Formatter. Use the attached Codepackr reference images only as branding inspiration, not as a copy. Dark modern developer-tool aesthetic, deep navy/black background, orange/yellow Codepackr accent, white clean typography, subtle visual elements related to HTML Formatter, strong mobile readability, generous spacing, professional SaaS/developer-tool style. Include exactly these main text elements: CODEPACKR.COM, HTML Formatter, Beautify and indent HTML markup for easier reading, FREE TOOL, Runs in your browser. Do not add hashtags, long paragraphs, fake statistics, fake UI, or unsupported claims. No spelling errors."
14,CSS Formatter,https://www.codepackr.com/css-formatter,"CSS Formatter: one less developer task to handle manually.

Beautify or minify CSS code for cleaner stylesheets. Codepackr gives you a simple browser-based way to get the job done quickly, without adding another tool to your local setup.

Try it here: https://www.codepackr.com/css-formatter

#Codepackr #Developer #DevTools #CSS #Frontend #CSSFormatter #Formatter",CSS Formatter: Beautify or minify CSS code for cleaner stylesheets. Try it free: https://www.codepackr.com/css-formatter #Codepackr #Developer #DevTools #CSS #Frontend #CSSFormatter #Formatter,192,#Codepackr #Developer #DevTools #CSS #Frontend #CSSFormatter #Formatter,"CODEPACKR.COM
CSS Formatter
Beautify or minify CSS code for cleaner stylesheets
FREE TOOL
Runs in your browser","Create a square 1:1 social-media promotional graphic for Codepackr.com featuring CSS Formatter. Use the attached Codepackr reference images only as branding inspiration, not as a copy. Dark modern developer-tool aesthetic, deep navy/black background, orange/yellow Codepackr accent, white clean typography, subtle visual elements related to CSS Formatter, strong mobile readability, generous spacing, professional SaaS/developer-tool style. Include exactly these main text elements: CODEPACKR.COM, CSS Formatter, Beautify or minify CSS code for cleaner stylesheets, FREE TOOL, Runs in your browser. Do not add hashtags, long paragraphs, fake statistics, fake UI, or unsupported claims. No spelling errors."
15,SQL Formatter,https://www.codepackr.com/sql-formatter,"SQL Formatter: one less developer task to handle manually.

Format SQL queries with consistent indentation and readable keywords. Codepackr gives you a simple browser-based way to get the job done quickly, without adding another tool to your local setup.

Try it here: https://www.codepackr.com/sql-formatter

#Codepackr #Developer #DevTools #SQL #Database #SQLFormatter #Formatter",SQL Formatter: Format SQL queries with consistent indentation and readable keywords. Try it free: https://www.codepackr.com/sql-formatter #Codepackr #Developer #DevTools #SQL #Database #SQLFormatter #Formatter,209,#Codepackr #Developer #DevTools #SQL #Database #SQLFormatter #Formatter,"CODEPACKR.COM
SQL Formatter
Format SQL queries with consistent indentation and readable keywords
FREE TOOL
Runs in your browser","Create a square 1:1 social-media promotional graphic for Codepackr.com featuring SQL Formatter. Use the attached Codepackr reference images only as branding inspiration, not as a copy. Dark modern developer-tool aesthetic, deep navy/black background, orange/yellow Codepackr accent, white clean typography, subtle visual elements related to SQL Formatter, strong mobile readability, generous spacing, professional SaaS/developer-tool style. Include exactly these main text elements: CODEPACKR.COM, SQL Formatter, Format SQL queries with consistent indentation and readable keywords, FREE TOOL, Runs in your browser. Do not add hashtags, long paragraphs, fake statistics, fake UI, or unsupported claims. No spelling errors."
16,XML Formatter,https://www.codepackr.com/xml-formatter,"XML Formatter: one less developer task to handle manually.

Format, indent, and validate XML documents. Codepackr gives you a simple browser-based way to get the job done quickly, without adding another tool to your local setup.

Try it here: https://www.codepackr.com/xml-formatter

#Codepackr #Developer #DevTools #XML #APIs #XMLFormatter #Formatter","XML Formatter: Format, indent, and validate XML documents. Try it free: https://www.codepackr.com/xml-formatter #Codepackr #Developer #DevTools #XML #APIs #XMLFormatter #Formatter",179,#Codepackr #Developer #DevTools #XML #APIs #XMLFormatter #Formatter,"CODEPACKR.COM
XML Formatter
Format, indent, and validate XML documents
FREE TOOL
Runs in your browser","Create a square 1:1 social-media promotional graphic for Codepackr.com featuring XML Formatter. Use the attached Codepackr reference images only as branding inspiration, not as a copy. Dark modern developer-tool aesthetic, deep navy/black background, orange/yellow Codepackr accent, white clean typography, subtle visual elements related to XML Formatter, strong mobile readability, generous spacing, professional SaaS/developer-tool style. Include exactly these main text elements: CODEPACKR.COM, XML Formatter, Format, indent, and validate XML documents, FREE TOOL, Runs in your browser. Do not add hashtags, long paragraphs, fake statistics, fake UI, or unsupported claims. No spelling errors."
17,YAML Formatter,https://www.codepackr.com/yaml-formatter,"YAML Formatter: one less developer task to handle manually.

Format, parse, and validate YAML configuration files. Codepackr gives you a simple browser-based way to get the job done quickly, without adding another tool to your local setup.

Try it here: https://www.codepackr.com/yaml-formatter

#Codepackr #Developer #DevTools #YAML #DevOps #YAMLFormatter #Formatter","YAML Formatter: Format, parse, and validate YAML configuration files. Try it free: https://www.codepackr.com/yaml-formatter #Codepackr #Developer #DevTools #YAML #DevOps #YAMLFormatter #Formatter",195,#Codepackr #Developer #DevTools #YAML #DevOps #YAMLFormatter #Formatter,"CODEPACKR.COM
YAML Formatter
Format, parse, and validate YAML configuration files
FREE TOOL
Runs in your browser","Create a square 1:1 social-media promotional graphic for Codepackr.com featuring YAML Formatter. Use the attached Codepackr reference images only as branding inspiration, not as a copy. Dark modern developer-tool aesthetic, deep navy/black background, orange/yellow Codepackr accent, white clean typography, subtle visual elements related to YAML Formatter, strong mobile readability, generous spacing, professional SaaS/developer-tool style. Include exactly these main text elements: CODEPACKR.COM, YAML Formatter, Format, parse, and validate YAML configuration files, FREE TOOL, Runs in your browser. Do not add hashtags, long paragraphs, fake statistics, fake UI, or unsupported claims. No spelling errors."
18,JavaScript Minifier,https://www.codepackr.com/js-minifier,"JavaScript Minifier: one less developer task to handle manually.

Minify JavaScript code to reduce unnecessary whitespace and bundle size. Codepackr gives you a simple browser-based way to get the job done quickly, without adding another tool to your local setup.

Try it here: https://www.codepackr.com/js-minifier

#Codepackr #Developer #DevTools #JavaScript #WebDevelopment #JavaScriptMinifier #Minifier",JavaScript Minifier: Minify JavaScript code to reduce unnecessary whitespace and bundle size. Try it free: https://www.codepackr.com/js-minifier #Codepackr #Developer #DevTools #JavaScript #WebDevelopment #JavaScriptMinifier #Minifier,234,#Codepackr #Developer #DevTools #JavaScript #WebDevelopment #JavaScriptMinifier #Minifier,"CODEPACKR.COM
JavaScript Minifier
Minify JavaScript code to reduce unnecessary whitespace and bundle size
FREE TOOL
Runs in your browser","Create a square 1:1 social-media promotional graphic for Codepackr.com featuring JavaScript Minifier. Use the attached Codepackr reference images only as branding inspiration, not as a copy. Dark modern developer-tool aesthetic, deep navy/black background, orange/yellow Codepackr accent, white clean typography, subtle visual elements related to JavaScript Minifier, strong mobile readability, generous spacing, professional SaaS/developer-tool style. Include exactly these main text elements: CODEPACKR.COM, JavaScript Minifier, Minify JavaScript code to reduce unnecessary whitespace and bundle size, FREE TOOL, Runs in your browser. Do not add hashtags, long paragraphs, fake statistics, fake UI, or unsupported claims. No spelling errors."
19,Base64 Encoder & Decoder,https://www.codepackr.com/base64,"Base64 Encoder & Decoder: one less developer task to handle manually.

Encode text to Base64 or decode Base64 strings back to text. Codepackr gives you a simple browser-based way to get the job done quickly, without adding another tool to your local setup.

Try it here: https://www.codepackr.com/base64

#Codepackr #Developer #DevTools #Base64 #Programming #Base64EncoderDecoder #Encoder #Decoder",Base64 Encoder & Decoder: Encode text to Base64 or decode Base64 strings back to text. Try it free: https://www.codepackr.com/base64 #Codepackr #Developer #DevTools #Base64 #Programming #Base64EncoderDecoder #Encoder #Decoder,225,#Codepackr #Developer #DevTools #Base64 #Programming #Base64EncoderDecoder #Encoder #Decoder,"CODEPACKR.COM
Base64 Encoder & Decoder
Encode text to Base64 or decode Base64 strings back to text
FREE TOOL
Runs in your browser","Create a square 1:1 social-media promotional graphic for Codepackr.com featuring Base64 Encoder & Decoder. Use the attached Codepackr reference images only as branding inspiration, not as a copy. Dark modern developer-tool aesthetic, deep navy/black background, orange/yellow Codepackr accent, white clean typography, subtle visual elements related to Base64 Encoder & Decoder, strong mobile readability, generous spacing, professional SaaS/developer-tool style. Include exactly these main text elements: CODEPACKR.COM, Base64 Encoder & Decoder, Encode text to Base64 or decode Base64 strings back to text, FREE TOOL, Runs in your browser. Do not add hashtags, long paragraphs, fake statistics, fake UI, or unsupported claims. No spelling errors."
20,URL Encoder & Decoder,https://www.codepackr.com/url-encode,"URL Encoder & Decoder: one less developer task to handle manually.

Encode or decode URL query strings and path segments. Codepackr gives you a simple browser-based way to get the job done quickly, without adding another tool to your local setup.

Try it here: https://www.codepackr.com/url-encode

#Codepackr #Developer #DevTools #URL #WebDevelopment #URLEncoderDecoder #Encoder #Decoder",URL Encoder & Decoder: Encode or decode URL query strings and path segments. Try it free: https://www.codepackr.com/url-encode #Codepackr #Developer #DevTools #URL #WebDevelopment #URLEncoderDecoder #Encoder #Decoder,216,#Codepackr #Developer #DevTools #URL #WebDevelopment #URLEncoderDecoder #Encoder #Decoder,"CODEPACKR.COM
URL Encoder & Decoder
Encode or decode URL query strings and path segments
FREE TOOL
Runs in your browser","Create a square 1:1 social-media promotional graphic for Codepackr.com featuring URL Encoder & Decoder. Use the attached Codepackr reference images only as branding inspiration, not as a copy. Dark modern developer-tool aesthetic, deep navy/black background, orange/yellow Codepackr accent, white clean typography, subtle visual elements related to URL Encoder & Decoder, strong mobile readability, generous spacing, professional SaaS/developer-tool style. Include exactly these main text elements: CODEPACKR.COM, URL Encoder & Decoder, Encode or decode URL query strings and path segments, FREE TOOL, Runs in your browser. Do not add hashtags, long paragraphs, fake statistics, fake UI, or unsupported claims. No spelling errors."
21,HTML Entity Encoder & Decoder,https://www.codepackr.com/html-entity,"HTML Entity Encoder & Decoder: one less developer task to handle manually.

Encode or decode special characters as HTML entities. Codepackr gives you a simple browser-based way to get the job done quickly, without adding another tool to your local setup.

Try it here: https://www.codepackr.com/html-entity

#Codepackr #Developer #DevTools #HTML #WebDevelopment #HTMLEntityEncoderDecoder #Entity #Encoder #Decoder",HTML Entity Encoder & Decoder: Encode or decode special characters as HTML entities. Try it free: https://www.codepackr.com/html-entity #Codepackr #Developer #DevTools #HTML #WebDevelopment #HTMLEntityEncoderDecoder #Entity #Encoder #Decoder,241,#Codepackr #Developer #DevTools #HTML #WebDevelopment #HTMLEntityEncoderDecoder #Entity #Encoder #Decoder,"CODEPACKR.COM
HTML Entity Encoder & Decoder
Encode or decode special characters as HTML entities
FREE TOOL
Runs in your browser","Create a square 1:1 social-media promotional graphic for Codepackr.com featuring HTML Entity Encoder & Decoder. Use the attached Codepackr reference images only as branding inspiration, not as a copy. Dark modern developer-tool aesthetic, deep navy/black background, orange/yellow Codepackr accent, white clean typography, subtle visual elements related to HTML Entity Encoder & Decoder, strong mobile readability, generous spacing, professional SaaS/developer-tool style. Include exactly these main text elements: CODEPACKR.COM, HTML Entity Encoder & Decoder, Encode or decode special characters as HTML entities, FREE TOOL, Runs in your browser. Do not add hashtags, long paragraphs, fake statistics, fake UI, or unsupported claims. No spelling errors."
22,Hash Generator,https://www.codepackr.com/hash-generator,"Hash Generator: one less developer task to handle manually.

Generate hashes including MD5 and SHA family algorithms. Codepackr gives you a simple browser-based way to get the job done quickly, without adding another tool to your local setup.

Try it here: https://www.codepackr.com/hash-generator

#Codepackr #Developer #DevTools #Hashing #CyberSecurity #HashGenerator #Hash #Generator",Hash Generator: Generate hashes including MD5 and SHA family algorithms. Try it free: https://www.codepackr.com/hash-generator #Codepackr #Developer #DevTools #Hashing #CyberSecurity #HashGenerator #Hash #Generator,214,#Codepackr #Developer #DevTools #Hashing #CyberSecurity #HashGenerator #Hash #Generator,"CODEPACKR.COM
Hash Generator
Generate hashes including MD5 and SHA family algorithms
FREE TOOL
Runs in your browser","Create a square 1:1 social-media promotional graphic for Codepackr.com featuring Hash Generator. Use the attached Codepackr reference images only as branding inspiration, not as a copy. Dark modern developer-tool aesthetic, deep navy/black background, orange/yellow Codepackr accent, white clean typography, subtle visual elements related to Hash Generator, strong mobile readability, generous spacing, professional SaaS/developer-tool style. Include exactly these main text elements: CODEPACKR.COM, Hash Generator, Generate hashes including MD5 and SHA family algorithms, FREE TOOL, Runs in your browser. Do not add hashtags, long paragraphs, fake statistics, fake UI, or unsupported claims. No spelling errors."
23,CRC32 Checksum Generator,https://www.codepackr.com/crc32-checksum-generator,"CRC32 Checksum Generator: one less developer task to handle manually.

Generate CRC32 checksums for data integrity checks. Codepackr gives you a simple browser-based way to get the job done quickly, without adding another tool to your local setup.

Try it here: https://www.codepackr.com/crc32-checksum-generator

#Codepackr #Developer #DevTools #CRC32 #Checksum #CRC32ChecksumGenerator #Generator",CRC32 Checksum Generator: Generate CRC32 checksums for data integrity checks. Try it free: https://www.codepackr.com/crc32-checksum-generator #Codepackr #Developer #DevTools #CRC32 #Checksum #CRC32ChecksumGenerator #Generator,225,#Codepackr #Developer #DevTools #CRC32 #Checksum #CRC32ChecksumGenerator #Generator,"CODEPACKR.COM
CRC32 Checksum Generator
Generate CRC32 checksums for data integrity checks
FREE TOOL
Runs in your browser","Create a square 1:1 social-media promotional graphic for Codepackr.com featuring CRC32 Checksum Generator. Use the attached Codepackr reference images only as branding inspiration, not as a copy. Dark modern developer-tool aesthetic, deep navy/black background, orange/yellow Codepackr accent, white clean typography, subtle visual elements related to CRC32 Checksum Generator, strong mobile readability, generous spacing, professional SaaS/developer-tool style. Include exactly these main text elements: CODEPACKR.COM, CRC32 Checksum Generator, Generate CRC32 checksums for data integrity checks, FREE TOOL, Runs in your browser. Do not add hashtags, long paragraphs, fake statistics, fake UI, or unsupported claims. No spelling errors."
24,HMAC Generator & Authenticator,https://www.codepackr.com/hmac-generator,"HMAC Generator & Authenticator: one less developer task to handle manually.

Generate and verify HMAC values for message authentication. Codepackr gives you a simple browser-based way to get the job done quickly, without adding another tool to your local setup.

Try it here: https://www.codepackr.com/hmac-generator

#Codepackr #Developer #DevTools #HMAC #Security #HMACGeneratorAuthenticator #Generator #Authenticator",HMAC Generator & Authenticator: Generate and verify HMAC values for message authentication. Try it free: https://www.codepackr.com/hmac-generator #Codepackr #Developer #DevTools #HMAC #Security #HMACGeneratorAuthenticator #Generator #Authenticator,247,#Codepackr #Developer #DevTools #HMAC #Security #HMACGeneratorAuthenticator #Generator #Authenticator,"CODEPACKR.COM
HMAC Generator & Authenticator
Generate and verify HMAC values for message authentication
FREE TOOL
Runs in your browser","Create a square 1:1 social-media promotional graphic for Codepackr.com featuring HMAC Generator & Authenticator. Use the attached Codepackr reference images only as branding inspiration, not as a copy. Dark modern developer-tool aesthetic, deep navy/black background, orange/yellow Codepackr accent, white clean typography, subtle visual elements related to HMAC Generator & Authenticator, strong mobile readability, generous spacing, professional SaaS/developer-tool style. Include exactly these main text elements: CODEPACKR.COM, HMAC Generator & Authenticator, Generate and verify HMAC values for message authentication, FREE TOOL, Runs in your browser. Do not add hashtags, long paragraphs, fake statistics, fake UI, or unsupported claims. No spelling errors."
25,JWT Decoder,https://www.codepackr.com/jwt-decoder,"JWT Decoder: one less developer task to handle manually.

Decode JWT tokens to inspect their header and payload. Codepackr gives you a simple browser-based way to get the job done quickly, without adding another tool to your local setup.

Try it here: https://www.codepackr.com/jwt-decoder

#Codepackr #Developer #DevTools #JWT #APIs #JWTDecoder #Decoder",JWT Decoder: Decode JWT tokens to inspect their header and payload. Try it free: https://www.codepackr.com/jwt-decoder #Codepackr #Developer #DevTools #JWT #APIs #JWTDecoder #Decoder,182,#Codepackr #Developer #DevTools #JWT #APIs #JWTDecoder #Decoder,"CODEPACKR.COM
JWT Decoder
Decode JWT tokens to inspect their header and payload
FREE TOOL
Runs in your browser","Create a square 1:1 social-media promotional graphic for Codepackr.com featuring JWT Decoder. Use the attached Codepackr reference images only as branding inspiration, not as a copy. Dark modern developer-tool aesthetic, deep navy/black background, orange/yellow Codepackr accent, white clean typography, subtle visual elements related to JWT Decoder, strong mobile readability, generous spacing, professional SaaS/developer-tool style. Include exactly these main text elements: CODEPACKR.COM, JWT Decoder, Decode JWT tokens to inspect their header and payload, FREE TOOL, Runs in your browser. Do not add hashtags, long paragraphs, fake statistics, fake UI, or unsupported claims. No spelling errors."
26,JWT Encoder,https://www.codepackr.com/jwt-encoder,"JWT Encoder: one less developer task to handle manually.

Create JWT tokens from the required token components. Codepackr gives you a simple browser-based way to get the job done quickly, without adding another tool to your local setup.

Try it here: https://www.codepackr.com/jwt-encoder

#Codepackr #Developer #DevTools #JWT #Authentication #JWTEncoder #Encoder",JWT Encoder: Create JWT tokens from the required token components. Try it free: https://www.codepackr.com/jwt-encoder #Codepackr #Developer #DevTools #JWT #Authentication #JWTEncoder #Encoder,191,#Codepackr #Developer #DevTools #JWT #Authentication #JWTEncoder #Encoder,"CODEPACKR.COM
JWT Encoder
Create JWT tokens from the required token components
FREE TOOL
Runs in your browser","Create a square 1:1 social-media promotional graphic for Codepackr.com featuring JWT Encoder. Use the attached Codepackr reference images only as branding inspiration, not as a copy. Dark modern developer-tool aesthetic, deep navy/black background, orange/yellow Codepackr accent, white clean typography, subtle visual elements related to JWT Encoder, strong mobile readability, generous spacing, professional SaaS/developer-tool style. Include exactly these main text elements: CODEPACKR.COM, JWT Encoder, Create JWT tokens from the required token components, FREE TOOL, Runs in your browser. Do not add hashtags, long paragraphs, fake statistics, fake UI, or unsupported claims. No spelling errors."
27,Base64 Image Converter,https://www.codepackr.com/base64-image,"Base64 Image Converter: one less developer task to handle manually.

Convert images to Base64 data and work with Base64 image content. Codepackr gives you a simple browser-based way to get the job done quickly, without adding another tool to your local setup.

Try it here: https://www.codepackr.com/base64-image

#Codepackr #Developer #DevTools #Base64 #WebDevelopment #Base64ImageConverter #Image #Converter",Base64 Image Converter: Convert images to Base64 data and work with Base64 image content. Try it free: https://www.codepackr.com/base64-image #Codepackr #Developer #DevTools #Base64 #WebDevelopment #Base64ImageConverter #Image #Converter,237,#Codepackr #Developer #DevTools #Base64 #WebDevelopment #Base64ImageConverter #Image #Converter,"CODEPACKR.COM
Base64 Image Converter
Convert images to Base64 data and work with Base64 image content
FREE TOOL
Runs in your browser","Create a square 1:1 social-media promotional graphic for Codepackr.com featuring Base64 Image Converter. Use the attached Codepackr reference images only as branding inspiration, not as a copy. Dark modern developer-tool aesthetic, deep navy/black background, orange/yellow Codepackr accent, white clean typography, subtle visual elements related to Base64 Image Converter, strong mobile readability, generous spacing, professional SaaS/developer-tool style. Include exactly these main text elements: CODEPACKR.COM, Base64 Image Converter, Convert images to Base64 data and work with Base64 image content, FREE TOOL, Runs in your browser. Do not add hashtags, long paragraphs, fake statistics, fake UI, or unsupported claims. No spelling errors."
28,Scientific Calculator,https://www.codepackr.com/calculator,"Scientific Calculator: one less developer task to handle manually.

Perform scientific calculations directly in your browser. Codepackr gives you a simple browser-based way to get the job done quickly, without adding another tool to your local setup.

Try it here: https://www.codepackr.com/calculator

#Codepackr #Developer #DevTools #Calculator #Productivity #ScientificCalculator #Scientific",Scientific Calculator: Perform scientific calculations directly in your browser. Try it free: https://www.codepackr.com/calculator #Codepackr #Developer #DevTools #Calculator #Productivity #ScientificCalculator #Scientific,222,#Codepackr #Developer #DevTools #Calculator #Productivity #ScientificCalculator #Scientific,"CODEPACKR.COM
Scientific Calculator
Perform scientific calculations directly in your browser
FREE TOOL
Runs in your browser","Create a square 1:1 social-media promotional graphic for Codepackr.com featuring Scientific Calculator. Use the attached Codepackr reference images only as branding inspiration, not as a copy. Dark modern developer-tool aesthetic, deep navy/black background, orange/yellow Codepackr accent, white clean typography, subtle visual elements related to Scientific Calculator, strong mobile readability, generous spacing, professional SaaS/developer-tool style. Include exactly these main text elements: CODEPACKR.COM, Scientific Calculator, Perform scientific calculations directly in your browser, FREE TOOL, Runs in your browser. Do not add hashtags, long paragraphs, fake statistics, fake UI, or unsupported claims. No spelling errors."
29,Percentage Calculator,https://www.codepackr.com/percentage-calculator,"Percentage Calculator: one less developer task to handle manually.

Quickly calculate percentages and percentage changes. Codepackr gives you a simple browser-based way to get the job done quickly, without adding another tool to your local setup.

Try it here: https://www.codepackr.com/percentage-calculator

#Codepackr #Developer #DevTools #Calculator #Productivity #PercentageCalculator #Percentage",Percentage Calculator: Quickly calculate percentages and percentage changes. Try it free: https://www.codepackr.com/percentage-calculator #Codepackr #Developer #DevTools #Calculator #Productivity #PercentageCalculator #Percentage,229,#Codepackr #Developer #DevTools #Calculator #Productivity #PercentageCalculator #Percentage,"CODEPACKR.COM
Percentage Calculator
Quickly calculate percentages and percentage changes
FREE TOOL
Runs in your browser","Create a square 1:1 social-media promotional graphic for Codepackr.com featuring Percentage Calculator. Use the attached Codepackr reference images only as branding inspiration, not as a copy. Dark modern developer-tool aesthetic, deep navy/black background, orange/yellow Codepackr accent, white clean typography, subtle visual elements related to Percentage Calculator, strong mobile readability, generous spacing, professional SaaS/developer-tool style. Include exactly these main text elements: CODEPACKR.COM, Percentage Calculator, Quickly calculate percentages and percentage changes, FREE TOOL, Runs in your browser. Do not add hashtags, long paragraphs, fake statistics, fake UI, or unsupported claims. No spelling errors."
30,Tip Calculator,https://www.codepackr.com/tip-calculator,"Tip Calculator: one less developer task to handle manually.

Calculate tips and split the bill quickly. Codepackr gives you a simple browser-based way to get the job done quickly, without adding another tool to your local setup.

Try it here: https://www.codepackr.com/tip-calculator

#Codepackr #Developer #DevTools #Calculator #Productivity #TipCalculator #Tip",Tip Calculator: Calculate tips and split the bill quickly. Try it free: https://www.codepackr.com/tip-calculator #Codepackr #Developer #DevTools #Calculator #Productivity #TipCalculator #Tip,190,#Codepackr #Developer #DevTools #Calculator #Productivity #TipCalculator #Tip,"CODEPACKR.COM
Tip Calculator
Calculate tips and split the bill quickly
FREE TOOL
Runs in your browser","Create a square 1:1 social-media promotional graphic for Codepackr.com featuring Tip Calculator. Use the attached Codepackr reference images only as branding inspiration, not as a copy. Dark modern developer-tool aesthetic, deep navy/black background, orange/yellow Codepackr accent, white clean typography, subtle visual elements related to Tip Calculator, strong mobile readability, generous spacing, professional SaaS/developer-tool style. Include exactly these main text elements: CODEPACKR.COM, Tip Calculator, Calculate tips and split the bill quickly, FREE TOOL, Runs in your browser. Do not add hashtags, long paragraphs, fake statistics, fake UI, or unsupported claims. No spelling errors."
31,SIP Investment Calculator,https://www.codepackr.com/sip-calculator,"SIP Investment Calculator: one less developer task to handle manually.

Estimate SIP investment outcomes using your inputs. Codepackr gives you a simple browser-based way to get the job done quickly, without adding another tool to your local setup.

Try it here: https://www.codepackr.com/sip-calculator

#Codepackr #Developer #DevTools #SIP #Investing #SIPInvestmentCalculator #Investment #Calculator",SIP Investment Calculator: Estimate SIP investment outcomes using your inputs. Try it free: https://www.codepackr.com/sip-calculator #Codepackr #Developer #DevTools #SIP #Investing #SIPInvestmentCalculator #Investment #Calculator,229,#Codepackr #Developer #DevTools #SIP #Investing #SIPInvestmentCalculator #Investment #Calculator,"CODEPACKR.COM
SIP Investment Calculator
Estimate SIP investment outcomes using your inputs
FREE TOOL
Runs in your browser","Create a square 1:1 social-media promotional graphic for Codepackr.com featuring SIP Investment Calculator. Use the attached Codepackr reference images only as branding inspiration, not as a copy. Dark modern developer-tool aesthetic, deep navy/black background, orange/yellow Codepackr accent, white clean typography, subtle visual elements related to SIP Investment Calculator, strong mobile readability, generous spacing, professional SaaS/developer-tool style. Include exactly these main text elements: CODEPACKR.COM, SIP Investment Calculator, Estimate SIP investment outcomes using your inputs, FREE TOOL, Runs in your browser. Do not add hashtags, long paragraphs, fake statistics, fake UI, or unsupported claims. No spelling errors."
32,Loan & EMI Calculator,https://www.codepackr.com/loan-calculator,"Loan & EMI Calculator: one less developer task to handle manually.

Calculate loan EMI and repayment figures from your inputs. Codepackr gives you a simple browser-based way to get the job done quickly, without adding another tool to your local setup.

Try it here: https://www.codepackr.com/loan-calculator

#Codepackr #Developer #DevTools #LoanCalculator #Finance #LoanEMICalculator #Loan #EMI #Calculator",Loan & EMI Calculator: Calculate loan EMI and repayment figures from your inputs. Try it free: https://www.codepackr.com/loan-calculator #Codepackr #Developer #DevTools #LoanCalculator #Finance #LoanEMICalculator #Loan #EMI #Calculator,235,#Codepackr #Developer #DevTools #LoanCalculator #Finance #LoanEMICalculator #Loan #EMI #Calculator,"CODEPACKR.COM
Loan & EMI Calculator
Calculate loan EMI and repayment figures from your inputs
FREE TOOL
Runs in your browser","Create a square 1:1 social-media promotional graphic for Codepackr.com featuring Loan & EMI Calculator. Use the attached Codepackr reference images only as branding inspiration, not as a copy. Dark modern developer-tool aesthetic, deep navy/black background, orange/yellow Codepackr accent, white clean typography, subtle visual elements related to Loan & EMI Calculator, strong mobile readability, generous spacing, professional SaaS/developer-tool style. Include exactly these main text elements: CODEPACKR.COM, Loan & EMI Calculator, Calculate loan EMI and repayment figures from your inputs, FREE TOOL, Runs in your browser. Do not add hashtags, long paragraphs, fake statistics, fake UI, or unsupported claims. No spelling errors."
33,Diff Checker,https://www.codepackr.com/diff-checker,"Diff Checker: one less developer task to handle manually.

Compare two blocks of text or code and highlight differences. Codepackr gives you a simple browser-based way to get the job done quickly, without adding another tool to your local setup.

Try it here: https://www.codepackr.com/diff-checker

#Codepackr #Developer #DevTools #Diff #DeveloperTools #DiffChecker #Checker",Diff Checker: Compare two blocks of text or code and highlight differences. Try it free: https://www.codepackr.com/diff-checker #Codepackr #Developer #DevTools #Diff #DeveloperTools #DiffChecker #Checker,203,#Codepackr #Developer #DevTools #Diff #DeveloperTools #DiffChecker #Checker,"CODEPACKR.COM
Diff Checker
Compare two blocks of text or code and highlight differences
FREE TOOL
Runs in your browser","Create a square 1:1 social-media promotional graphic for Codepackr.com featuring Diff Checker. Use the attached Codepackr reference images only as branding inspiration, not as a copy. Dark modern developer-tool aesthetic, deep navy/black background, orange/yellow Codepackr accent, white clean typography, subtle visual elements related to Diff Checker, strong mobile readability, generous spacing, professional SaaS/developer-tool style. Include exactly these main text elements: CODEPACKR.COM, Diff Checker, Compare two blocks of text or code and highlight differences, FREE TOOL, Runs in your browser. Do not add hashtags, long paragraphs, fake statistics, fake UI, or unsupported claims. No spelling errors."
34,Regex Tester,https://www.codepackr.com/regex-tester,"Regex Tester: one less developer task to handle manually.

Test and debug regular expressions with interactive matches. Codepackr gives you a simple browser-based way to get the job done quickly, without adding another tool to your local setup.

Try it here: https://www.codepackr.com/regex-tester

#Codepackr #Developer #DevTools #Regex #Programming #RegexTester #Tester",Regex Tester: Test and debug regular expressions with interactive matches. Try it free: https://www.codepackr.com/regex-tester #Codepackr #Developer #DevTools #Regex #Programming #RegexTester #Tester,199,#Codepackr #Developer #DevTools #Regex #Programming #RegexTester #Tester,"CODEPACKR.COM
Regex Tester
Test and debug regular expressions with interactive matches
FREE TOOL
Runs in your browser","Create a square 1:1 social-media promotional graphic for Codepackr.com featuring Regex Tester. Use the attached Codepackr reference images only as branding inspiration, not as a copy. Dark modern developer-tool aesthetic, deep navy/black background, orange/yellow Codepackr accent, white clean typography, subtle visual elements related to Regex Tester, strong mobile readability, generous spacing, professional SaaS/developer-tool style. Include exactly these main text elements: CODEPACKR.COM, Regex Tester, Test and debug regular expressions with interactive matches, FREE TOOL, Runs in your browser. Do not add hashtags, long paragraphs, fake statistics, fake UI, or unsupported claims. No spelling errors."
35,JSON Validator,https://www.codepackr.com/json-validator,"JSON Validator: one less developer task to handle manually.

Validate JSON syntax and identify errors in your JSON. Codepackr gives you a simple browser-based way to get the job done quickly, without adding another tool to your local setup.

Try it here: https://www.codepackr.com/json-validator

#Codepackr #Developer #DevTools #JSON #APIs #JSONValidator #Validator",JSON Validator: Validate JSON syntax and identify errors in your JSON. Try it free: https://www.codepackr.com/json-validator #Codepackr #Developer #DevTools #JSON #APIs #JSONValidator #Validator,194,#Codepackr #Developer #DevTools #JSON #APIs #JSONValidator #Validator,"CODEPACKR.COM
JSON Validator
Validate JSON syntax and identify errors in your JSON
FREE TOOL
Runs in your browser","Create a square 1:1 social-media promotional graphic for Codepackr.com featuring JSON Validator. Use the attached Codepackr reference images only as branding inspiration, not as a copy. Dark modern developer-tool aesthetic, deep navy/black background, orange/yellow Codepackr accent, white clean typography, subtle visual elements related to JSON Validator, strong mobile readability, generous spacing, professional SaaS/developer-tool style. Include exactly these main text elements: CODEPACKR.COM, JSON Validator, Validate JSON syntax and identify errors in your JSON, FREE TOOL, Runs in your browser. Do not add hashtags, long paragraphs, fake statistics, fake UI, or unsupported claims. No spelling errors."
36,JSONPath Tester,https://www.codepackr.com/json-path-tester,"JSONPath Tester: one less developer task to handle manually.

Evaluate JSONPath queries against JSON structures. Codepackr gives you a simple browser-based way to get the job done quickly, without adding another tool to your local setup.

Try it here: https://www.codepackr.com/json-path-tester

#Codepackr #Developer #DevTools #JSONPath #JSON #JSONPathTester #Tester",JSONPath Tester: Evaluate JSONPath queries against JSON structures. Try it free: https://www.codepackr.com/json-path-tester #Codepackr #Developer #DevTools #JSONPath #JSON #JSONPathTester #Tester,195,#Codepackr #Developer #DevTools #JSONPath #JSON #JSONPathTester #Tester,"CODEPACKR.COM
JSONPath Tester
Evaluate JSONPath queries against JSON structures
FREE TOOL
Runs in your browser","Create a square 1:1 social-media promotional graphic for Codepackr.com featuring JSONPath Tester. Use the attached Codepackr reference images only as branding inspiration, not as a copy. Dark modern developer-tool aesthetic, deep navy/black background, orange/yellow Codepackr accent, white clean typography, subtle visual elements related to JSONPath Tester, strong mobile readability, generous spacing, professional SaaS/developer-tool style. Include exactly these main text elements: CODEPACKR.COM, JSONPath Tester, Evaluate JSONPath queries against JSON structures, FREE TOOL, Runs in your browser. Do not add hashtags, long paragraphs, fake statistics, fake UI, or unsupported claims. No spelling errors."
37,XSD & XML Schema Validator,https://www.codepackr.com/xsd-validator,"XSD & XML Schema Validator: one less developer task to handle manually.

Validate XML structures against XSD schema definitions. Codepackr gives you a simple browser-based way to get the job done quickly, without adding another tool to your local setup.

Try it here: https://www.codepackr.com/xsd-validator

#Codepackr #Developer #DevTools #XSD #XML #XSDXMLSchemaValidator #Schema #Validator",XSD & XML Schema Validator: Validate XML structures against XSD schema definitions. Try it free: https://www.codepackr.com/xsd-validator #Codepackr #Developer #DevTools #XSD #XML #XSDXMLSchemaValidator #Schema #Validator,220,#Codepackr #Developer #DevTools #XSD #XML #XSDXMLSchemaValidator #Schema #Validator,"CODEPACKR.COM
XSD & XML Schema Validator
Validate XML structures against XSD schema definitions
FREE TOOL
Runs in your browser","Create a square 1:1 social-media promotional graphic for Codepackr.com featuring XSD & XML Schema Validator. Use the attached Codepackr reference images only as branding inspiration, not as a copy. Dark modern developer-tool aesthetic, deep navy/black background, orange/yellow Codepackr accent, white clean typography, subtle visual elements related to XSD & XML Schema Validator, strong mobile readability, generous spacing, professional SaaS/developer-tool style. Include exactly these main text elements: CODEPACKR.COM, XSD & XML Schema Validator, Validate XML structures against XSD schema definitions, FREE TOOL, Runs in your browser. Do not add hashtags, long paragraphs, fake statistics, fake UI, or unsupported claims. No spelling errors."
38,CSV Viewer,https://www.codepackr.com/csv-viewer,"CSV Viewer: one less developer task to handle manually.

View CSV data as an interactive, sortable, searchable table. Codepackr gives you a simple browser-based way to get the job done quickly, without adding another tool to your local setup.

Try it here: https://www.codepackr.com/csv-viewer

#Codepackr #Developer #DevTools #CSV #Data #CSVViewer #Viewer","CSV Viewer: View CSV data as an interactive, sortable, searchable table. Try it free: https://www.codepackr.com/csv-viewer #Codepackr #Developer #DevTools #CSV #Data #CSVViewer #Viewer",184,#Codepackr #Developer #DevTools #CSV #Data #CSVViewer #Viewer,"CODEPACKR.COM
CSV Viewer
View CSV data as an interactive, sortable, searchable table
FREE TOOL
Runs in your browser","Create a square 1:1 social-media promotional graphic for Codepackr.com featuring CSV Viewer. Use the attached Codepackr reference images only as branding inspiration, not as a copy. Dark modern developer-tool aesthetic, deep navy/black background, orange/yellow Codepackr accent, white clean typography, subtle visual elements related to CSV Viewer, strong mobile readability, generous spacing, professional SaaS/developer-tool style. Include exactly these main text elements: CODEPACKR.COM, CSV Viewer, View CSV data as an interactive, sortable, searchable table, FREE TOOL, Runs in your browser. Do not add hashtags, long paragraphs, fake statistics, fake UI, or unsupported claims. No spelling errors."
39,Structural JSON Diff,https://www.codepackr.com/json-structural-diff,"Structural JSON Diff: one less developer task to handle manually.

Compare JSON objects key-by-key for added, removed, and changed nodes. Codepackr gives you a simple browser-based way to get the job done quickly, without adding another tool to your local setup.

Try it here: https://www.codepackr.com/json-structural-diff

#Codepackr #Developer #DevTools #JSON #Diff #StructuralJSONDiff #Structural","Structural JSON Diff: Compare JSON objects key-by-key for added, removed, and changed nodes. Try it free: https://www.codepackr.com/json-structural-diff #Codepackr #Developer #DevTools #JSON #Diff #StructuralJSONDiff #Structural",228,#Codepackr #Developer #DevTools #JSON #Diff #StructuralJSONDiff #Structural,"CODEPACKR.COM
Structural JSON Diff
Compare JSON objects key-by-key for added, removed, and changed nodes
FREE TOOL
Runs in your browser","Create a square 1:1 social-media promotional graphic for Codepackr.com featuring Structural JSON Diff. Use the attached Codepackr reference images only as branding inspiration, not as a copy. Dark modern developer-tool aesthetic, deep navy/black background, orange/yellow Codepackr accent, white clean typography, subtle visual elements related to Structural JSON Diff, strong mobile readability, generous spacing, professional SaaS/developer-tool style. Include exactly these main text elements: CODEPACKR.COM, Structural JSON Diff, Compare JSON objects key-by-key for added, removed, and changed nodes, FREE TOOL, Runs in your browser. Do not add hashtags, long paragraphs, fake statistics, fake UI, or unsupported claims. No spelling errors."
40,dotenv Formatter & Validator,https://www.codepackr.com/dotenv-formatter,"dotenv Formatter & Validator: one less developer task to handle manually.

Format, sort, and validate .env environment-variable files. Codepackr gives you a simple browser-based way to get the job done quickly, without adding another tool to your local setup.

Try it here: https://www.codepackr.com/dotenv-formatter

#Codepackr #Developer #DevTools #Dotenv #DevOps #dotenvFormatterValidator #Formatter #Validator","dotenv Formatter & Validator: Format, sort, and validate .env environment-variable files. Try it free: https://www.codepackr.com/dotenv-formatter #Codepackr #Developer #DevTools #Dotenv #DevOps #dotenvFormatterValidator #Formatter #Validator",241,#Codepackr #Developer #DevTools #Dotenv #DevOps #dotenvFormatterValidator #Formatter #Validator,"CODEPACKR.COM
dotenv Formatter & Validator
Format, sort, and validate .env environment-variable files
FREE TOOL
Runs in your browser","Create a square 1:1 social-media promotional graphic for Codepackr.com featuring dotenv Formatter & Validator. Use the attached Codepackr reference images only as branding inspiration, not as a copy. Dark modern developer-tool aesthetic, deep navy/black background, orange/yellow Codepackr accent, white clean typography, subtle visual elements related to dotenv Formatter & Validator, strong mobile readability, generous spacing, professional SaaS/developer-tool style. Include exactly these main text elements: CODEPACKR.COM, dotenv Formatter & Validator, Format, sort, and validate .env environment-variable files, FREE TOOL, Runs in your browser. Do not add hashtags, long paragraphs, fake statistics, fake UI, or unsupported claims. No spelling errors."
41,JSON to XML / XML to JSON,https://www.codepackr.com/json-xml-converter,"JSON to XML / XML to JSON: one less developer task to handle manually.

Convert data between JSON objects and XML markup. Codepackr gives you a simple browser-based way to get the job done quickly, without adding another tool to your local setup.

Try it here: https://www.codepackr.com/json-xml-converter

#Codepackr #Developer #DevTools #JSON #XML #JSONXML #XMLJSON",JSON to XML / XML to JSON: Convert data between JSON objects and XML markup. Try it free: https://www.codepackr.com/json-xml-converter #Codepackr #Developer #DevTools #JSON #XML #JSONXML #XMLJSON,195,#Codepackr #Developer #DevTools #JSON #XML #JSONXML #XMLJSON,"CODEPACKR.COM
JSON to XML / XML to JSON
Convert data between JSON objects and XML markup
FREE TOOL
Runs in your browser","Create a square 1:1 social-media promotional graphic for Codepackr.com featuring JSON to XML / XML to JSON. Use the attached Codepackr reference images only as branding inspiration, not as a copy. Dark modern developer-tool aesthetic, deep navy/black background, orange/yellow Codepackr accent, white clean typography, subtle visual elements related to JSON to XML / XML to JSON, strong mobile readability, generous spacing, professional SaaS/developer-tool style. Include exactly these main text elements: CODEPACKR.COM, JSON to XML / XML to JSON, Convert data between JSON objects and XML markup, FREE TOOL, Runs in your browser. Do not add hashtags, long paragraphs, fake statistics, fake UI, or unsupported claims. No spelling errors."
42,JSON to CSV / CSV to JSON,https://www.codepackr.com/json-csv-converter,"JSON to CSV / CSV to JSON: one less developer task to handle manually.

Convert JSON arrays to CSV and CSV rows to JSON objects. Codepackr gives you a simple browser-based way to get the job done quickly, without adding another tool to your local setup.

Try it here: https://www.codepackr.com/json-csv-converter

#Codepackr #Developer #DevTools #JSON #CSV #JSONCSV #CSVJSON",JSON to CSV / CSV to JSON: Convert JSON arrays to CSV and CSV rows to JSON objects. Try it free: https://www.codepackr.com/json-csv-converter #Codepackr #Developer #DevTools #JSON #CSV #JSONCSV #CSVJSON,202,#Codepackr #Developer #DevTools #JSON #CSV #JSONCSV #CSVJSON,"CODEPACKR.COM
JSON to CSV / CSV to JSON
Convert JSON arrays to CSV and CSV rows to JSON objects
FREE TOOL
Runs in your browser","Create a square 1:1 social-media promotional graphic for Codepackr.com featuring JSON to CSV / CSV to JSON. Use the attached Codepackr reference images only as branding inspiration, not as a copy. Dark modern developer-tool aesthetic, deep navy/black background, orange/yellow Codepackr accent, white clean typography, subtle visual elements related to JSON to CSV / CSV to JSON, strong mobile readability, generous spacing, professional SaaS/developer-tool style. Include exactly these main text elements: CODEPACKR.COM, JSON to CSV / CSV to JSON, Convert JSON arrays to CSV and CSV rows to JSON objects, FREE TOOL, Runs in your browser. Do not add hashtags, long paragraphs, fake statistics, fake UI, or unsupported claims. No spelling errors."
43,CSV to XML Converter,https://www.codepackr.com/csv-xml-converter,"CSV to XML Converter: one less developer task to handle manually.

Convert CSV data into XML and work between tabular and markup formats. Codepackr gives you a simple browser-based way to get the job done quickly, without adding another tool to your local setup.

Try it here: https://www.codepackr.com/csv-xml-converter

#Codepackr #Developer #DevTools #CSV #XML #CSVXMLConverter #Converter",CSV to XML Converter: Convert CSV data into XML and work between tabular and markup formats. Try it free: https://www.codepackr.com/csv-xml-converter #Codepackr #Developer #DevTools #CSV #XML #CSVXMLConverter #Converter,219,#Codepackr #Developer #DevTools #CSV #XML #CSVXMLConverter #Converter,"CODEPACKR.COM
CSV to XML Converter
Convert CSV data into XML and work between tabular and markup formats
FREE TOOL
Runs in your browser","Create a square 1:1 social-media promotional graphic for Codepackr.com featuring CSV to XML Converter. Use the attached Codepackr reference images only as branding inspiration, not as a copy. Dark modern developer-tool aesthetic, deep navy/black background, orange/yellow Codepackr accent, white clean typography, subtle visual elements related to CSV to XML Converter, strong mobile readability, generous spacing, professional SaaS/developer-tool style. Include exactly these main text elements: CODEPACKR.COM, CSV to XML Converter, Convert CSV data into XML and work between tabular and markup formats, FREE TOOL, Runs in your browser. Do not add hashtags, long paragraphs, fake statistics, fake UI, or unsupported claims. No spelling errors."
44,Case Converter,https://www.codepackr.com/case-converter,"Case Converter: one less developer task to handle manually.

Convert text between common letter-case formats. Codepackr gives you a simple browser-based way to get the job done quickly, without adding another tool to your local setup.

Try it here: https://www.codepackr.com/case-converter

#Codepackr #Developer #DevTools #TextTools #Productivity #CaseConverter #Case #Converter",Case Converter: Convert text between common letter-case formats. Try it free: https://www.codepackr.com/case-converter #Codepackr #Developer #DevTools #TextTools #Productivity #CaseConverter #Case #Converter,207,#Codepackr #Developer #DevTools #TextTools #Productivity #CaseConverter #Case #Converter,"CODEPACKR.COM
Case Converter
Convert text between common letter-case formats
FREE TOOL
Runs in your browser","Create a square 1:1 social-media promotional graphic for Codepackr.com featuring Case Converter. Use the attached Codepackr reference images only as branding inspiration, not as a copy. Dark modern developer-tool aesthetic, deep navy/black background, orange/yellow Codepackr accent, white clean typography, subtle visual elements related to Case Converter, strong mobile readability, generous spacing, professional SaaS/developer-tool style. Include exactly these main text elements: CODEPACKR.COM, Case Converter, Convert text between common letter-case formats, FREE TOOL, Runs in your browser. Do not add hashtags, long paragraphs, fake statistics, fake UI, or unsupported claims. No spelling errors."
45,YAML to JSON Converter,https://www.codepackr.com/yaml-json-converter,"YAML to JSON Converter: one less developer task to handle manually.

Convert YAML data to JSON for easier interoperability. Codepackr gives you a simple browser-based way to get the job done quickly, without adding another tool to your local setup.

Try it here: https://www.codepackr.com/yaml-json-converter

#Codepackr #Developer #DevTools #YAML #JSON #YAMLJSONConverter #Converter",YAML to JSON Converter: Convert YAML data to JSON for easier interoperability. Try it free: https://www.codepackr.com/yaml-json-converter #Codepackr #Developer #DevTools #YAML #JSON #YAMLJSONConverter #Converter,211,#Codepackr #Developer #DevTools #YAML #JSON #YAMLJSONConverter #Converter,"CODEPACKR.COM
YAML to JSON Converter
Convert YAML data to JSON for easier interoperability
FREE TOOL
Runs in your browser","Create a square 1:1 social-media promotional graphic for Codepackr.com featuring YAML to JSON Converter. Use the attached Codepackr reference images only as branding inspiration, not as a copy. Dark modern developer-tool aesthetic, deep navy/black background, orange/yellow Codepackr accent, white clean typography, subtle visual elements related to YAML to JSON Converter, strong mobile readability, generous spacing, professional SaaS/developer-tool style. Include exactly these main text elements: CODEPACKR.COM, YAML to JSON Converter, Convert YAML data to JSON for easier interoperability, FREE TOOL, Runs in your browser. Do not add hashtags, long paragraphs, fake statistics, fake UI, or unsupported claims. No spelling errors."
46,Number Base Converter,https://www.codepackr.com/number-base-converter,"Number Base Converter: one less developer task to handle manually.

Convert numbers between common bases such as binary, decimal, and hexadecimal. Codepackr gives you a simple browser-based way to get the job done quickly, without adding another tool to your local setup.

Try it here: https://www.codepackr.com/number-base-converter

#Codepackr #Developer #DevTools #Programming #ComputerScience #NumberBaseConverter #Number #Base #Converter","Number Base Converter: Convert numbers between common bases such as binary, decimal, and hexadecimal. Try it free: https://www.codepackr.com/number-base-converter #Codepackr #Developer #DevTools #Programming #ComputerScience #NumberBaseConverter #Number #Base #Converter",270,#Codepackr #Developer #DevTools #Programming #ComputerScience #NumberBaseConverter #Number #Base #Converter,"CODEPACKR.COM
Number Base Converter
Convert numbers between common bases such as binary, decimal, and hexadecimal
FREE TOOL
Runs in your browser","Create a square 1:1 social-media promotional graphic for Codepackr.com featuring Number Base Converter. Use the attached Codepackr reference images only as branding inspiration, not as a copy. Dark modern developer-tool aesthetic, deep navy/black background, orange/yellow Codepackr accent, white clean typography, subtle visual elements related to Number Base Converter, strong mobile readability, generous spacing, professional SaaS/developer-tool style. Include exactly these main text elements: CODEPACKR.COM, Number Base Converter, Convert numbers between common bases such as binary, decimal, and hexadecimal, FREE TOOL, Runs in your browser. Do not add hashtags, long paragraphs, fake statistics, fake UI, or unsupported claims. No spelling errors."
47,Markdown to HTML / HTML to Markdown,https://www.codepackr.com/markdown-html-converter,"Markdown to HTML / HTML to Markdown: one less developer task to handle manually.

Convert content between Markdown and HTML. Codepackr gives you a simple browser-based way to get the job done quickly, without adding another tool to your local setup.

Try it here: https://www.codepackr.com/markdown-html-converter

#Codepackr #Developer #DevTools #Markdown #HTML #MarkdownHTML #HTMLMarkdown",Markdown to HTML / HTML to Markdown: Convert content between Markdown and HTML. Try it free: https://www.codepackr.com/markdown-html-converter #Codepackr #Developer #DevTools #Markdown #HTML #MarkdownHTML #HTMLMarkdown,218,#Codepackr #Developer #DevTools #Markdown #HTML #MarkdownHTML #HTMLMarkdown,"CODEPACKR.COM
Markdown to HTML / HTML to Markdown
Convert content between Markdown and HTML
FREE TOOL
Runs in your browser","Create a square 1:1 social-media promotional graphic for Codepackr.com featuring Markdown to HTML / HTML to Markdown. Use the attached Codepackr reference images only as branding inspiration, not as a copy. Dark modern developer-tool aesthetic, deep navy/black background, orange/yellow Codepackr accent, white clean typography, subtle visual elements related to Markdown to HTML / HTML to Markdown, strong mobile readability, generous spacing, professional SaaS/developer-tool style. Include exactly these main text elements: CODEPACKR.COM, Markdown to HTML / HTML to Markdown, Convert content between Markdown and HTML, FREE TOOL, Runs in your browser. Do not add hashtags, long paragraphs, fake statistics, fake UI, or unsupported claims. No spelling errors."
48,HTML to Markdown Converter,https://www.codepackr.com/html-markdown-converter,"HTML to Markdown Converter: one less developer task to handle manually.

Convert HTML markup into Markdown. Codepackr gives you a simple browser-based way to get the job done quickly, without adding another tool to your local setup.

Try it here: https://www.codepackr.com/html-markdown-converter

#Codepackr #Developer #DevTools #HTML #Markdown #HTMLMarkdownConverter #Converter",HTML to Markdown Converter: Convert HTML markup into Markdown. Try it free: https://www.codepackr.com/html-markdown-converter #Codepackr #Developer #DevTools #HTML #Markdown #HTMLMarkdownConverter #Converter,207,#Codepackr #Developer #DevTools #HTML #Markdown #HTMLMarkdownConverter #Converter,"CODEPACKR.COM
HTML to Markdown Converter
Convert HTML markup into Markdown
FREE TOOL
Runs in your browser","Create a square 1:1 social-media promotional graphic for Codepackr.com featuring HTML to Markdown Converter. Use the attached Codepackr reference images only as branding inspiration, not as a copy. Dark modern developer-tool aesthetic, deep navy/black background, orange/yellow Codepackr accent, white clean typography, subtle visual elements related to HTML to Markdown Converter, strong mobile readability, generous spacing, professional SaaS/developer-tool style. Include exactly these main text elements: CODEPACKR.COM, HTML to Markdown Converter, Convert HTML markup into Markdown, FREE TOOL, Runs in your browser. Do not add hashtags, long paragraphs, fake statistics, fake UI, or unsupported claims. No spelling errors."
49,cURL to Code Converter,https://www.codepackr.com/curl-code-converter,"cURL to Code Converter: one less developer task to handle manually.

Turn cURL requests into code you can use in development. Codepackr gives you a simple browser-based way to get the job done quickly, without adding another tool to your local setup.

Try it here: https://www.codepackr.com/curl-code-converter

#Codepackr #Developer #DevTools #cURL #APIs #cURLCodeConverter #Code #Converter",cURL to Code Converter: Turn cURL requests into code you can use in development. Try it free: https://www.codepackr.com/curl-code-converter #Codepackr #Developer #DevTools #cURL #APIs #cURLCodeConverter #Code #Converter,219,#Codepackr #Developer #DevTools #cURL #APIs #cURLCodeConverter #Code #Converter,"CODEPACKR.COM
cURL to Code Converter
Turn cURL requests into code you can use in development
FREE TOOL
Runs in your browser","Create a square 1:1 social-media promotional graphic for Codepackr.com featuring cURL to Code Converter. Use the attached Codepackr reference images only as branding inspiration, not as a copy. Dark modern developer-tool aesthetic, deep navy/black background, orange/yellow Codepackr accent, white clean typography, subtle visual elements related to cURL to Code Converter, strong mobile readability, generous spacing, professional SaaS/developer-tool style. Include exactly these main text elements: CODEPACKR.COM, cURL to Code Converter, Turn cURL requests into code you can use in development, FREE TOOL, Runs in your browser. Do not add hashtags, long paragraphs, fake statistics, fake UI, or unsupported claims. No spelling errors."
50,Image Resizer & Compressor,https://www.codepackr.com/image-resizer,"Image Resizer & Compressor: one less developer task to handle manually.

Resize and compress images for easier web use. Codepackr gives you a simple browser-based way to get the job done quickly, without adding another tool to your local setup.

Try it here: https://www.codepackr.com/image-resizer

#Codepackr #Developer #DevTools #Images #WebDevelopment #ImageResizerCompressor #Image #Resizer #Compressor",Image Resizer & Compressor: Resize and compress images for easier web use. Try it free: https://www.codepackr.com/image-resizer #Codepackr #Developer #DevTools #Images #WebDevelopment #ImageResizerCompressor #Image #Resizer #Compressor,235,#Codepackr #Developer #DevTools #Images #WebDevelopment #ImageResizerCompressor #Image #Resizer #Compressor,"CODEPACKR.COM
Image Resizer & Compressor
Resize and compress images for easier web use
FREE TOOL
Runs in your browser","Create a square 1:1 social-media promotional graphic for Codepackr.com featuring Image Resizer & Compressor. Use the attached Codepackr reference images only as branding inspiration, not as a copy. Dark modern developer-tool aesthetic, deep navy/black background, orange/yellow Codepackr accent, white clean typography, subtle visual elements related to Image Resizer & Compressor, strong mobile readability, generous spacing, professional SaaS/developer-tool style. Include exactly these main text elements: CODEPACKR.COM, Image Resizer & Compressor, Resize and compress images for easier web use, FREE TOOL, Runs in your browser. Do not add hashtags, long paragraphs, fake statistics, fake UI, or unsupported claims. No spelling errors."
51,Favicon Generator,https://www.codepackr.com/favicon-generator,"Favicon Generator: one less developer task to handle manually.

Create favicon assets for websites. Codepackr gives you a simple browser-based way to get the job done quickly, without adding another tool to your local setup.

Try it here: https://www.codepackr.com/favicon-generator

#Codepackr #Developer #DevTools #Favicon #WebDevelopment #FaviconGenerator #Generator",Favicon Generator: Create favicon assets for websites. Try it free: https://www.codepackr.com/favicon-generator #Codepackr #Developer #DevTools #Favicon #WebDevelopment #FaviconGenerator #Generator,197,#Codepackr #Developer #DevTools #Favicon #WebDevelopment #FaviconGenerator #Generator,"CODEPACKR.COM
Favicon Generator
Create favicon assets for websites
FREE TOOL
Runs in your browser","Create a square 1:1 social-media promotional graphic for Codepackr.com featuring Favicon Generator. Use the attached Codepackr reference images only as branding inspiration, not as a copy. Dark modern developer-tool aesthetic, deep navy/black background, orange/yellow Codepackr accent, white clean typography, subtle visual elements related to Favicon Generator, strong mobile readability, generous spacing, professional SaaS/developer-tool style. Include exactly these main text elements: CODEPACKR.COM, Favicon Generator, Create favicon assets for websites, FREE TOOL, Runs in your browser. Do not add hashtags, long paragraphs, fake statistics, fake UI, or unsupported claims. No spelling errors."
52,XSLT Transformer,https://www.codepackr.com/xslt-transformer,"XSLT Transformer: one less developer task to handle manually.

Transform XML documents using XSLT stylesheets. Codepackr gives you a simple browser-based way to get the job done quickly, without adding another tool to your local setup.

Try it here: https://www.codepackr.com/xslt-transformer

#Codepackr #Developer #DevTools #XSLT #XML #XSLTTransformer #Transformer",XSLT Transformer: Transform XML documents using XSLT stylesheets. Try it free: https://www.codepackr.com/xslt-transformer #Codepackr #Developer #DevTools #XSLT #XML #XSLTTransformer #Transformer,194,#Codepackr #Developer #DevTools #XSLT #XML #XSLTTransformer #Transformer,"CODEPACKR.COM
XSLT Transformer
Transform XML documents using XSLT stylesheets
FREE TOOL
Runs in your browser","Create a square 1:1 social-media promotional graphic for Codepackr.com featuring XSLT Transformer. Use the attached Codepackr reference images only as branding inspiration, not as a copy. Dark modern developer-tool aesthetic, deep navy/black background, orange/yellow Codepackr accent, white clean typography, subtle visual elements related to XSLT Transformer, strong mobile readability, generous spacing, professional SaaS/developer-tool style. Include exactly these main text elements: CODEPACKR.COM, XSLT Transformer, Transform XML documents using XSLT stylesheets, FREE TOOL, Runs in your browser. Do not add hashtags, long paragraphs, fake statistics, fake UI, or unsupported claims. No spelling errors."
53,XML to XSD,https://www.codepackr.com/xml-to-xsd,"XML to XSD: one less developer task to handle manually.

Generate or derive XSD schema structures from XML. Codepackr gives you a simple browser-based way to get the job done quickly, without adding another tool to your local setup.

Try it here: https://www.codepackr.com/xml-to-xsd

#Codepackr #Developer #DevTools #XML #XSD #XMLXSD",XML to XSD: Generate or derive XSD schema structures from XML. Try it free: https://www.codepackr.com/xml-to-xsd #Codepackr #Developer #DevTools #XML #XSD #XMLXSD,162,#Codepackr #Developer #DevTools #XML #XSD #XMLXSD,"CODEPACKR.COM
XML to XSD
Generate or derive XSD schema structures from XML
FREE TOOL
Runs in your browser","Create a square 1:1 social-media promotional graphic for Codepackr.com featuring XML to XSD. Use the attached Codepackr reference images only as branding inspiration, not as a copy. Dark modern developer-tool aesthetic, deep navy/black background, orange/yellow Codepackr accent, white clean typography, subtle visual elements related to XML to XSD, strong mobile readability, generous spacing, professional SaaS/developer-tool style. Include exactly these main text elements: CODEPACKR.COM, XML to XSD, Generate or derive XSD schema structures from XML, FREE TOOL, Runs in your browser. Do not add hashtags, long paragraphs, fake statistics, fake UI, or unsupported claims. No spelling errors."
54,XSD to XML,https://www.codepackr.com/xsd-to-xml,"XSD to XML: one less developer task to handle manually.

Generate XML examples from XSD schema definitions. Codepackr gives you a simple browser-based way to get the job done quickly, without adding another tool to your local setup.

Try it here: https://www.codepackr.com/xsd-to-xml

#Codepackr #Developer #DevTools #XSD #XML #XSDXML",XSD to XML: Generate XML examples from XSD schema definitions. Try it free: https://www.codepackr.com/xsd-to-xml #Codepackr #Developer #DevTools #XSD #XML #XSDXML,162,#Codepackr #Developer #DevTools #XSD #XML #XSDXML,"CODEPACKR.COM
XSD to XML
Generate XML examples from XSD schema definitions
FREE TOOL
Runs in your browser","Create a square 1:1 social-media promotional graphic for Codepackr.com featuring XSD to XML. Use the attached Codepackr reference images only as branding inspiration, not as a copy. Dark modern developer-tool aesthetic, deep navy/black background, orange/yellow Codepackr accent, white clean typography, subtle visual elements related to XSD to XML, strong mobile readability, generous spacing, professional SaaS/developer-tool style. Include exactly these main text elements: CODEPACKR.COM, XSD to XML, Generate XML examples from XSD schema definitions, FREE TOOL, Runs in your browser. Do not add hashtags, long paragraphs, fake statistics, fake UI, or unsupported claims. No spelling errors."
55,XPath Evaluator,https://www.codepackr.com/xpath-evaluator,"XPath Evaluator: one less developer task to handle manually.

Evaluate XPath expressions against XML documents. Codepackr gives you a simple browser-based way to get the job done quickly, without adding another tool to your local setup.

Try it here: https://www.codepackr.com/xpath-evaluator

#Codepackr #Developer #DevTools #XPath #XML #XPathEvaluator #Evaluator",XPath Evaluator: Evaluate XPath expressions against XML documents. Try it free: https://www.codepackr.com/xpath-evaluator #Codepackr #Developer #DevTools #XPath #XML #XPathEvaluator #Evaluator,192,#Codepackr #Developer #DevTools #XPath #XML #XPathEvaluator #Evaluator,"CODEPACKR.COM
XPath Evaluator
Evaluate XPath expressions against XML documents
FREE TOOL
Runs in your browser","Create a square 1:1 social-media promotional graphic for Codepackr.com featuring XPath Evaluator. Use the attached Codepackr reference images only as branding inspiration, not as a copy. Dark modern developer-tool aesthetic, deep navy/black background, orange/yellow Codepackr accent, white clean typography, subtle visual elements related to XPath Evaluator, strong mobile readability, generous spacing, professional SaaS/developer-tool style. Include exactly these main text elements: CODEPACKR.COM, XPath Evaluator, Evaluate XPath expressions against XML documents, FREE TOOL, Runs in your browser. Do not add hashtags, long paragraphs, fake statistics, fake UI, or unsupported claims. No spelling errors."
56,XML Escape Tool,https://www.codepackr.com/xml-escape-tool,"XML Escape Tool: one less developer task to handle manually.

Escape or unescape XML special characters. Codepackr gives you a simple browser-based way to get the job done quickly, without adding another tool to your local setup.

Try it here: https://www.codepackr.com/xml-escape-tool

#Codepackr #Developer #DevTools #XML #WebDevelopment #XMLEscapeTool #Escape #Tool",XML Escape Tool: Escape or unescape XML special characters. Try it free: https://www.codepackr.com/xml-escape-tool #Codepackr #Developer #DevTools #XML #WebDevelopment #XMLEscapeTool #Escape #Tool,196,#Codepackr #Developer #DevTools #XML #WebDevelopment #XMLEscapeTool #Escape #Tool,"CODEPACKR.COM
XML Escape Tool
Escape or unescape XML special characters
FREE TOOL
Runs in your browser","Create a square 1:1 social-media promotional graphic for Codepackr.com featuring XML Escape Tool. Use the attached Codepackr reference images only as branding inspiration, not as a copy. Dark modern developer-tool aesthetic, deep navy/black background, orange/yellow Codepackr accent, white clean typography, subtle visual elements related to XML Escape Tool, strong mobile readability, generous spacing, professional SaaS/developer-tool style. Include exactly these main text elements: CODEPACKR.COM, XML Escape Tool, Escape or unescape XML special characters, FREE TOOL, Runs in your browser. Do not add hashtags, long paragraphs, fake statistics, fake UI, or unsupported claims. No spelling errors."
57,UUID Generator,https://www.codepackr.com/uuid-generator,"UUID Generator: one less developer task to handle manually.

Generate UUID values for development and testing. Codepackr gives you a simple browser-based way to get the job done quickly, without adding another tool to your local setup.

Try it here: https://www.codepackr.com/uuid-generator

#Codepackr #Developer #DevTools #UUID #Programming #UUIDGenerator #Generator",UUID Generator: Generate UUID values for development and testing. Try it free: https://www.codepackr.com/uuid-generator #Codepackr #Developer #DevTools #UUID #Programming #UUIDGenerator #Generator,196,#Codepackr #Developer #DevTools #UUID #Programming #UUIDGenerator #Generator,"CODEPACKR.COM
UUID Generator
Generate UUID values for development and testing
FREE TOOL
Runs in your browser","Create a square 1:1 social-media promotional graphic for Codepackr.com featuring UUID Generator. Use the attached Codepackr reference images only as branding inspiration, not as a copy. Dark modern developer-tool aesthetic, deep navy/black background, orange/yellow Codepackr accent, white clean typography, subtle visual elements related to UUID Generator, strong mobile readability, generous spacing, professional SaaS/developer-tool style. Include exactly these main text elements: CODEPACKR.COM, UUID Generator, Generate UUID values for development and testing, FREE TOOL, Runs in your browser. Do not add hashtags, long paragraphs, fake statistics, fake UI, or unsupported claims. No spelling errors."
58,QR Code Generator,https://www.codepackr.com/qr-generator,"QR Code Generator: one less developer task to handle manually.

Generate QR codes from text or data. Codepackr gives you a simple browser-based way to get the job done quickly, without adding another tool to your local setup.

Try it here: https://www.codepackr.com/qr-generator

#Codepackr #Developer #DevTools #QRCode #WebTools #QRCodeGenerator #QR #Code #Generator",QR Code Generator: Generate QR codes from text or data. Try it free: https://www.codepackr.com/qr-generator #Codepackr #Developer #DevTools #QRCode #WebTools #QRCodeGenerator #QR #Code #Generator,195,#Codepackr #Developer #DevTools #QRCode #WebTools #QRCodeGenerator #QR #Code #Generator,"CODEPACKR.COM
QR Code Generator
Generate QR codes from text or data
FREE TOOL
Runs in your browser","Create a square 1:1 social-media promotional graphic for Codepackr.com featuring QR Code Generator. Use the attached Codepackr reference images only as branding inspiration, not as a copy. Dark modern developer-tool aesthetic, deep navy/black background, orange/yellow Codepackr accent, white clean typography, subtle visual elements related to QR Code Generator, strong mobile readability, generous spacing, professional SaaS/developer-tool style. Include exactly these main text elements: CODEPACKR.COM, QR Code Generator, Generate QR codes from text or data, FREE TOOL, Runs in your browser. Do not add hashtags, long paragraphs, fake statistics, fake UI, or unsupported claims. No spelling errors."
59,Password Generator,https://www.codepackr.com/password-generator,"Password Generator: one less developer task to handle manually.

Generate random passwords for development and security use cases. Codepackr gives you a simple browser-based way to get the job done quickly, without adding another tool to your local setup.

Try it here: https://www.codepackr.com/password-generator

#Codepackr #Developer #DevTools #PasswordSecurity #CyberSecurity #PasswordGenerator #Password #Generator",Password Generator: Generate random passwords for development and security use cases. Try it free: https://www.codepackr.com/password-generator #Codepackr #Developer #DevTools #PasswordSecurity #CyberSecurity #PasswordGenerator #Password #Generator,248,#Codepackr #Developer #DevTools #PasswordSecurity #CyberSecurity #PasswordGenerator #Password #Generator,"CODEPACKR.COM
Password Generator
Generate random passwords for development and security use cases
FREE TOOL
Runs in your browser","Create a square 1:1 social-media promotional graphic for Codepackr.com featuring Password Generator. Use the attached Codepackr reference images only as branding inspiration, not as a copy. Dark modern developer-tool aesthetic, deep navy/black background, orange/yellow Codepackr accent, white clean typography, subtle visual elements related to Password Generator, strong mobile readability, generous spacing, professional SaaS/developer-tool style. Include exactly these main text elements: CODEPACKR.COM, Password Generator, Generate random passwords for development and security use cases, FREE TOOL, Runs in your browser. Do not add hashtags, long paragraphs, fake statistics, fake UI, or unsupported claims. No spelling errors."
60,Lorem Ipsum Generator,https://www.codepackr.com/lorem-ipsum,"Lorem Ipsum Generator: one less developer task to handle manually.

Generate placeholder text for designs and development. Codepackr gives you a simple browser-based way to get the job done quickly, without adding another tool to your local setup.

Try it here: https://www.codepackr.com/lorem-ipsum

#Codepackr #Developer #DevTools #LoremIpsum #WebDesign #LoremIpsumGenerator #Lorem #Ipsum #Generator",Lorem Ipsum Generator: Generate placeholder text for designs and development. Try it free: https://www.codepackr.com/lorem-ipsum #Codepackr #Developer #DevTools #LoremIpsum #WebDesign #LoremIpsumGenerator #Lorem #Ipsum #Generator,229,#Codepackr #Developer #DevTools #LoremIpsum #WebDesign #LoremIpsumGenerator #Lorem #Ipsum #Generator,"CODEPACKR.COM
Lorem Ipsum Generator
Generate placeholder text for designs and development
FREE TOOL
Runs in your browser","Create a square 1:1 social-media promotional graphic for Codepackr.com featuring Lorem Ipsum Generator. Use the attached Codepackr reference images only as branding inspiration, not as a copy. Dark modern developer-tool aesthetic, deep navy/black background, orange/yellow Codepackr accent, white clean typography, subtle visual elements related to Lorem Ipsum Generator, strong mobile readability, generous spacing, professional SaaS/developer-tool style. Include exactly these main text elements: CODEPACKR.COM, Lorem Ipsum Generator, Generate placeholder text for designs and development, FREE TOOL, Runs in your browser. Do not add hashtags, long paragraphs, fake statistics, fake UI, or unsupported claims. No spelling errors."
61,Markdown Editor & Live Preview,https://www.codepackr.com/markdown-preview,"Markdown Editor & Live Preview: one less developer task to handle manually.

Write and preview Markdown content with live HTML rendering. Codepackr gives you a simple browser-based way to get the job done quickly, without adding another tool to your local setup.

Try it here: https://www.codepackr.com/markdown-preview

#Codepackr #Developer #DevTools #Markdown #Documentation #MarkdownEditor #MarkdownPreview #Editor",Markdown Editor & Live Preview: Write and preview Markdown content with live HTML rendering. Try it free: https://www.codepackr.com/markdown-preview #Codepackr #Developer #DevTools #Markdown #Documentation #MarkdownEditor #MarkdownPreview #Editor,246,#Codepackr #Developer #DevTools #Markdown #Documentation #MarkdownEditor #MarkdownPreview #Editor,"CODEPACKR.COM
Markdown Editor & Live Preview
Write and preview Markdown content with live HTML rendering
FREE TOOL
Runs in your browser","Create a square 1:1 social-media promotional graphic for Codepackr.com featuring Markdown Editor & Live Preview. Use the attached Codepackr reference images only as branding inspiration, not as a copy. Dark modern developer-tool aesthetic, deep navy/black background, orange/yellow Codepackr accent, white clean typography, subtle visual elements related to Markdown Editor & Live Preview, strong mobile readability, generous spacing, professional SaaS/developer-tool style. Include exactly these main text elements: CODEPACKR.COM, Markdown Editor & Live Preview, Write and preview Markdown content with live HTML rendering, FREE TOOL, Runs in your browser. Do not add hashtags, long paragraphs, fake statistics, fake UI, or unsupported claims. No spelling errors."
62,Color Converter,https://www.codepackr.com/color-converter,"Color Converter: one less developer task to handle manually.

Convert colors between common color formats (HEX, RGB, HSL, CMYK). Codepackr gives you a simple browser-based way to get the job done quickly, without adding another tool to your local setup.

Try it here: https://www.codepackr.com/color-converter

#Codepackr #Developer #DevTools #CSS #WebDesign #ColorConverter #Color #Converter","Color Converter: Convert colors between common color formats (HEX, RGB, HSL, CMYK). Try it free: https://www.codepackr.com/color-converter #Codepackr #Developer #DevTools #CSS #WebDesign #ColorConverter #Color #Converter",220,#Codepackr #Developer #DevTools #CSS #WebDesign #ColorConverter #Color #Converter,"CODEPACKR.COM
Color Converter
Convert colors between common color formats (HEX, RGB, HSL, CMYK)
FREE TOOL
Runs in your browser","Create a square 1:1 social-media promotional graphic for Codepackr.com featuring Color Converter. Use the attached Codepackr reference images only as branding inspiration, not as a copy. Dark modern developer-tool aesthetic, deep navy/black background, orange/yellow Codepackr accent, white clean typography, subtle visual elements related to Color Converter, strong mobile readability, generous spacing, professional SaaS/developer-tool style. Include exactly these main text elements: CODEPACKR.COM, Color Converter, Convert colors between common color formats (HEX, RGB, HSL, CMYK), FREE TOOL, Runs in your browser. Do not add hashtags, long paragraphs, fake statistics, fake UI, or unsupported claims. No spelling errors."
63,Timestamp Converter,https://www.codepackr.com/timestamp,"Timestamp Converter: one less developer task to handle manually.

Work with timestamps and convert time values for development tasks. Codepackr gives you a simple browser-based way to get the job done quickly, without adding another tool to your local setup.

Try it here: https://www.codepackr.com/timestamp

#Codepackr #Developer #DevTools #Timestamp #Programming #TimestampConverter #Converter",Timestamp Converter: Work with timestamps and convert time values for development tasks. Try it free: https://www.codepackr.com/timestamp #Codepackr #Developer #DevTools #Timestamp #Programming #TimestampConverter #Converter,224,#Codepackr #Developer #DevTools #Timestamp #Programming #TimestampConverter #Converter,"CODEPACKR.COM
Timestamp Converter
Work with timestamps and convert time values for development tasks
FREE TOOL
Runs in your browser","Create a square 1:1 social-media promotional graphic for Codepackr.com featuring Timestamp Converter. Use the attached Codepackr reference images only as branding inspiration, not as a copy. Dark modern developer-tool aesthetic, deep navy/black background, orange/yellow Codepackr accent, white clean typography, subtle visual elements related to Timestamp Converter, strong mobile readability, generous spacing, professional SaaS/developer-tool style. Include exactly these main text elements: CODEPACKR.COM, Timestamp Converter, Work with timestamps and convert time values for development tasks, FREE TOOL, Runs in your browser. Do not add hashtags, long paragraphs, fake statistics, fake UI, or unsupported claims. No spelling errors."
64,Cron Expression Tool,https://www.codepackr.com/cron-expression,"Cron Expression Tool: one less developer task to handle manually.

Work with cron expressions and preview schedules for recurring jobs. Codepackr gives you a simple browser-based way to get the job done quickly, without adding another tool to your local setup.

Try it here: https://www.codepackr.com/cron-expression

#Codepackr #Developer #DevTools #Cron #DevOps #CronExpressionTool #Expression #Tool",Cron Expression Tool: Work with cron expressions and preview schedules for recurring jobs. Try it free: https://www.codepackr.com/cron-expression #Codepackr #Developer #DevTools #Cron #DevOps #CronExpressionTool #Expression #Tool,229,#Codepackr #Developer #DevTools #Cron #DevOps #CronExpressionTool #Expression #Tool,"CODEPACKR.COM
Cron Expression Tool
Work with cron expressions and preview schedules for recurring jobs
FREE TOOL
Runs in your browser","Create a square 1:1 social-media promotional graphic for Codepackr.com featuring Cron Expression Tool. Use the attached Codepackr reference images only as branding inspiration, not as a copy. Dark modern developer-tool aesthetic, deep navy/black background, orange/yellow Codepackr accent, white clean typography, subtle visual elements related to Cron Expression Tool, strong mobile readability, generous spacing, professional SaaS/developer-tool style. Include exactly these main text elements: CODEPACKR.COM, Cron Expression Tool, Work with cron expressions and preview schedules for recurring jobs, FREE TOOL, Runs in your browser. Do not add hashtags, long paragraphs, fake statistics, fake UI, or unsupported claims. No spelling errors."
65,Slugify,https://www.codepackr.com/slugify,"Slugify: one less developer task to handle manually.

Convert text into clean, URL-friendly slugs. Codepackr gives you a simple browser-based way to get the job done quickly, without adding another tool to your local setup.

Try it here: https://www.codepackr.com/slugify

#Codepackr #Developer #DevTools #SEO #WebDevelopment #Slugify","Slugify: Convert text into clean, URL-friendly slugs. Try it free: https://www.codepackr.com/slugify #Codepackr #Developer #DevTools #SEO #WebDevelopment #Slugify",162,#Codepackr #Developer #DevTools #SEO #WebDevelopment #Slugify,"CODEPACKR.COM
Slugify
Convert text into clean, URL-friendly slugs
FREE TOOL
Runs in your browser","Create a square 1:1 social-media promotional graphic for Codepackr.com featuring Slugify. Use the attached Codepackr reference images only as branding inspiration, not as a copy. Dark modern developer-tool aesthetic, deep navy/black background, orange/yellow Codepackr accent, white clean typography, subtle visual elements related to Slugify, strong mobile readability, generous spacing, professional SaaS/developer-tool style. Include exactly these main text elements: CODEPACKR.COM, Slugify, Convert text into clean, URL-friendly slugs, FREE TOOL, Runs in your browser. Do not add hashtags, long paragraphs, fake statistics, fake UI, or unsupported claims. No spelling errors."
66,HTTP Status Codes,https://www.codepackr.com/http-status-codes,"HTTP Status Codes: one less developer task to handle manually.

Look up HTTP status codes and understand common response meanings. Codepackr gives you a simple browser-based way to get the job done quickly, without adding another tool to your local setup.

Try it here: https://www.codepackr.com/http-status-codes

#Codepackr #Developer #DevTools #HTTP #APIs #HTTPStatusCodes #Status #Codes",HTTP Status Codes: Look up HTTP status codes and understand common response meanings. Try it free: https://www.codepackr.com/http-status-codes #Codepackr #Developer #DevTools #HTTP #APIs #HTTPStatusCodes #Status #Codes,218,#Codepackr #Developer #DevTools #HTTP #APIs #HTTPStatusCodes #Status #Codes,"CODEPACKR.COM
HTTP Status Codes
Look up HTTP status codes and understand common response meanings
FREE TOOL
Runs in your browser","Create a square 1:1 social-media promotional graphic for Codepackr.com featuring HTTP Status Codes. Use the attached Codepackr reference images only as branding inspiration, not as a copy. Dark modern developer-tool aesthetic, deep navy/black background, orange/yellow Codepackr accent, white clean typography, subtle visual elements related to HTTP Status Codes, strong mobile readability, generous spacing, professional SaaS/developer-tool style. Include exactly these main text elements: CODEPACKR.COM, HTTP Status Codes, Look up HTTP status codes and understand common response meanings, FREE TOOL, Runs in your browser. Do not add hashtags, long paragraphs, fake statistics, fake UI, or unsupported claims. No spelling errors."
67,Mock JSON Generator,https://www.codepackr.com/mock-json-generator,"Mock JSON Generator: one less developer task to handle manually.

Generate realistic mock JSON records for development and testing. Codepackr gives you a simple browser-based way to get the job done quickly, without adding another tool to your local setup.

Try it here: https://www.codepackr.com/mock-json-generator

#Codepackr #Developer #DevTools #JSON #Testing #MockJSONGenerator #Mock #Generator",Mock JSON Generator: Generate realistic mock JSON records for development and testing. Try it free: https://www.codepackr.com/mock-json-generator #Codepackr #Developer #DevTools #JSON #Testing #MockJSONGenerator #Mock #Generator,228,#Codepackr #Developer #DevTools #JSON #Testing #MockJSONGenerator #Mock #Generator,"CODEPACKR.COM
Mock JSON Generator
Generate realistic mock JSON records for development and testing
FREE TOOL
Runs in your browser","Create a square 1:1 social-media promotional graphic for Codepackr.com featuring Mock JSON Generator. Use the attached Codepackr reference images only as branding inspiration, not as a copy. Dark modern developer-tool aesthetic, deep navy/black background, orange/yellow Codepackr accent, white clean typography, subtle visual elements related to Mock JSON Generator, strong mobile readability, generous spacing, professional SaaS/developer-tool style. Include exactly these main text elements: CODEPACKR.COM, Mock JSON Generator, Generate realistic mock JSON records for development and testing, FREE TOOL, Runs in your browser. Do not add hashtags, long paragraphs, fake statistics, fake UI, or unsupported claims. No spelling errors."
68,Text Tools,https://www.codepackr.com/text-tools,"Text Tools: one less developer task to handle manually.

Work with text using a comprehensive collection of practical text utilities. Codepackr gives you a simple browser-based way to get the job done quickly, without adding another tool to your local setup.

Try it here: https://www.codepackr.com/text-tools

#Codepackr #Developer #DevTools #TextTools #Productivity #Text #Tools",Text Tools: Work with text using a comprehensive collection of practical text utilities. Try it free: https://www.codepackr.com/text-tools #Codepackr #Developer #DevTools #TextTools #Productivity #Text #Tools,208,#Codepackr #Developer #DevTools #TextTools #Productivity #Text #Tools,"CODEPACKR.COM
Text Tools
Work with text using a comprehensive collection of practical text utilities
FREE TOOL
Runs in your browser","Create a square 1:1 social-media promotional graphic for Codepackr.com featuring Text Tools. Use the attached Codepackr reference images only as branding inspiration, not as a copy. Dark modern developer-tool aesthetic, deep navy/black background, orange/yellow Codepackr accent, white clean typography, subtle visual elements related to Text Tools, strong mobile readability, generous spacing, professional SaaS/developer-tool style. Include exactly these main text elements: CODEPACKR.COM, Text Tools, Work with text using a comprehensive collection of practical text utilities, FREE TOOL, Runs in your browser. Do not add hashtags, long paragraphs, fake statistics, fake UI, or unsupported claims. No spelling errors."
69,Word Counter,https://www.codepackr.com/word-counter,"Word Counter: one less developer task to handle manually.

Count words and reading time in text quickly. Codepackr gives you a simple browser-based way to get the job done quickly, without adding another tool to your local setup.

Try it here: https://www.codepackr.com/word-counter

#Codepackr #Developer #DevTools #WritingTools #Productivity #WordCounter #Word #Counter",Word Counter: Count words and reading time in text quickly. Try it free: https://www.codepackr.com/word-counter #Codepackr #Developer #DevTools #WritingTools #Productivity #WordCounter #Word #Counter,199,#Codepackr #Developer #DevTools #WritingTools #Productivity #WordCounter #Word #Counter,"CODEPACKR.COM
Word Counter
Count words and reading time in text quickly
FREE TOOL
Runs in your browser","Create a square 1:1 social-media promotional graphic for Codepackr.com featuring Word Counter. Use the attached Codepackr reference images only as branding inspiration, not as a copy. Dark modern developer-tool aesthetic, deep navy/black background, orange/yellow Codepackr accent, white clean typography, subtle visual elements related to Word Counter, strong mobile readability, generous spacing, professional SaaS/developer-tool style. Include exactly these main text elements: CODEPACKR.COM, Word Counter, Count words and reading time in text quickly, FREE TOOL, Runs in your browser. Do not add hashtags, long paragraphs, fake statistics, fake UI, or unsupported claims. No spelling errors."
70,Character Counter,https://www.codepackr.com/character-counter,"Character Counter: one less developer task to handle manually.

Count characters and bytes in text with a simple browser tool. Codepackr gives you a simple browser-based way to get the job done quickly, without adding another tool to your local setup.

Try it here: https://www.codepackr.com/character-counter

#Codepackr #Developer #DevTools #TextTools #Productivity #CharacterCounter #Character #Counter",Character Counter: Count characters and bytes in text with a simple browser tool. Try it free: https://www.codepackr.com/character-counter #Codepackr #Developer #DevTools #TextTools #Productivity #CharacterCounter #Character #Counter,233,#Codepackr #Developer #DevTools #TextTools #Productivity #CharacterCounter #Character #Counter,"CODEPACKR.COM
Character Counter
Count characters and bytes in text with a simple browser tool
FREE TOOL
Runs in your browser","Create a square 1:1 social-media promotional graphic for Codepackr.com featuring Character Counter. Use the attached Codepackr reference images only as branding inspiration, not as a copy. Dark modern developer-tool aesthetic, deep navy/black background, orange/yellow Codepackr accent, white clean typography, subtle visual elements related to Character Counter, strong mobile readability, generous spacing, professional SaaS/developer-tool style. Include exactly these main text elements: CODEPACKR.COM, Character Counter, Count characters and bytes in text with a simple browser tool, FREE TOOL, Runs in your browser. Do not add hashtags, long paragraphs, fake statistics, fake UI, or unsupported claims. No spelling errors."
71,Line Counter,https://www.codepackr.com/line-counter,"Line Counter: one less developer task to handle manually.

Count lines and code metrics in text or source code quickly. Codepackr gives you a simple browser-based way to get the job done quickly, without adding another tool to your local setup.

Try it here: https://www.codepackr.com/line-counter

#Codepackr #Developer #DevTools #TextTools #Programming #LineCounter #Line #Counter",Line Counter: Count lines and code metrics in text or source code quickly. Try it free: https://www.codepackr.com/line-counter #Codepackr #Developer #DevTools #TextTools #Programming #LineCounter #Line #Counter,210,#Codepackr #Developer #DevTools #TextTools #Programming #LineCounter #Line #Counter,"CODEPACKR.COM
Line Counter
Count lines and code metrics in text or source code quickly
FREE TOOL
Runs in your browser","Create a square 1:1 social-media promotional graphic for Codepackr.com featuring Line Counter. Use the attached Codepackr reference images only as branding inspiration, not as a copy. Dark modern developer-tool aesthetic, deep navy/black background, orange/yellow Codepackr accent, white clean typography, subtle visual elements related to Line Counter, strong mobile readability, generous spacing, professional SaaS/developer-tool style. Include exactly these main text elements: CODEPACKR.COM, Line Counter, Count lines and code metrics in text or source code quickly, FREE TOOL, Runs in your browser. Do not add hashtags, long paragraphs, fake statistics, fake UI, or unsupported claims. No spelling errors."
72,Sentence Counter,https://www.codepackr.com/sentence-counter,"Sentence Counter: one less developer task to handle manually.

Count sentences and assess readability in a block of text. Codepackr gives you a simple browser-based way to get the job done quickly, without adding another tool to your local setup.

Try it here: https://www.codepackr.com/sentence-counter

#Codepackr #Developer #DevTools #TextTools #Writing #SentenceCounter #Sentence #Counter",Sentence Counter: Count sentences and assess readability in a block of text. Try it free: https://www.codepackr.com/sentence-counter #Codepackr #Developer #DevTools #TextTools #Writing #SentenceCounter #Sentence #Counter,220,#Codepackr #Developer #DevTools #TextTools #Writing #SentenceCounter #Sentence #Counter,"CODEPACKR.COM
Sentence Counter
Count sentences and assess readability in a block of text
FREE TOOL
Runs in your browser","Create a square 1:1 social-media promotional graphic for Codepackr.com featuring Sentence Counter. Use the attached Codepackr reference images only as branding inspiration, not as a copy. Dark modern developer-tool aesthetic, deep navy/black background, orange/yellow Codepackr accent, white clean typography, subtle visual elements related to Sentence Counter, strong mobile readability, generous spacing, professional SaaS/developer-tool style. Include exactly these main text elements: CODEPACKR.COM, Sentence Counter, Count sentences and assess readability in a block of text, FREE TOOL, Runs in your browser. Do not add hashtags, long paragraphs, fake statistics, fake UI, or unsupported claims. No spelling errors."
73,Remove Duplicate Lines,https://www.codepackr.com/remove-duplicate-lines,"Remove Duplicate Lines: one less developer task to handle manually.

Remove duplicate lines from text and lists quickly. Codepackr gives you a simple browser-based way to get the job done quickly, without adding another tool to your local setup.

Try it here: https://www.codepackr.com/remove-duplicate-lines

#Codepackr #Developer #DevTools #TextTools #DataCleaning #RemoveDuplicateLines #Remove #Duplicate #Lines",Remove Duplicate Lines: Remove duplicate lines from text and lists quickly. Try it free: https://www.codepackr.com/remove-duplicate-lines #Codepackr #Developer #DevTools #TextTools #DataCleaning #RemoveDuplicateLines #Remove #Duplicate #Lines,242,#Codepackr #Developer #DevTools #TextTools #DataCleaning #RemoveDuplicateLines #Remove #Duplicate #Lines,"CODEPACKR.COM
Remove Duplicate Lines
Remove duplicate lines from text and lists quickly
FREE TOOL
Runs in your browser","Create a square 1:1 social-media promotional graphic for Codepackr.com featuring Remove Duplicate Lines. Use the attached Codepackr reference images only as branding inspiration, not as a copy. Dark modern developer-tool aesthetic, deep navy/black background, orange/yellow Codepackr accent, white clean typography, subtle visual elements related to Remove Duplicate Lines, strong mobile readability, generous spacing, professional SaaS/developer-tool style. Include exactly these main text elements: CODEPACKR.COM, Remove Duplicate Lines, Remove duplicate lines from text and lists quickly, FREE TOOL, Runs in your browser. Do not add hashtags, long paragraphs, fake statistics, fake UI, or unsupported claims. No spelling errors."
74,Remove Empty Lines,https://www.codepackr.com/remove-empty-lines,"Remove Empty Lines: one less developer task to handle manually.

Remove blank and empty lines from text or code. Codepackr gives you a simple browser-based way to get the job done quickly, without adding another tool to your local setup.

Try it here: https://www.codepackr.com/remove-empty-lines

#Codepackr #Developer #DevTools #TextTools #Programming #RemoveEmptyLines #Remove #Empty #Lines",Remove Empty Lines: Remove blank and empty lines from text or code. Try it free: https://www.codepackr.com/remove-empty-lines #Codepackr #Developer #DevTools #TextTools #Programming #RemoveEmptyLines #Remove #Empty #Lines,221,#Codepackr #Developer #DevTools #TextTools #Programming #RemoveEmptyLines #Remove #Empty #Lines,"CODEPACKR.COM
Remove Empty Lines
Remove blank and empty lines from text or code
FREE TOOL
Runs in your browser","Create a square 1:1 social-media promotional graphic for Codepackr.com featuring Remove Empty Lines. Use the attached Codepackr reference images only as branding inspiration, not as a copy. Dark modern developer-tool aesthetic, deep navy/black background, orange/yellow Codepackr accent, white clean typography, subtle visual elements related to Remove Empty Lines, strong mobile readability, generous spacing, professional SaaS/developer-tool style. Include exactly these main text elements: CODEPACKR.COM, Remove Empty Lines, Remove blank and empty lines from text or code, FREE TOOL, Runs in your browser. Do not add hashtags, long paragraphs, fake statistics, fake UI, or unsupported claims. No spelling errors."
75,Remove Extra Spaces,https://www.codepackr.com/remove-extra-spaces,"Remove Extra Spaces: one less developer task to handle manually.

Clean unnecessary whitespace and spaces from text. Codepackr gives you a simple browser-based way to get the job done quickly, without adding another tool to your local setup.

Try it here: https://www.codepackr.com/remove-extra-spaces

#Codepackr #Developer #DevTools #TextTools #DataCleaning #RemoveExtraSpaces #Remove #Extra #Spaces",Remove Extra Spaces: Clean unnecessary whitespace and spaces from text. Try it free: https://www.codepackr.com/remove-extra-spaces #Codepackr #Developer #DevTools #TextTools #DataCleaning #RemoveExtraSpaces #Remove #Extra #Spaces,229,#Codepackr #Developer #DevTools #TextTools #DataCleaning #RemoveExtraSpaces #Remove #Extra #Spaces,"CODEPACKR.COM
Remove Extra Spaces
Clean unnecessary whitespace and spaces from text
FREE TOOL
Runs in your browser","Create a square 1:1 social-media promotional graphic for Codepackr.com featuring Remove Extra Spaces. Use the attached Codepackr reference images only as branding inspiration, not as a copy. Dark modern developer-tool aesthetic, deep navy/black background, orange/yellow Codepackr accent, white clean typography, subtle visual elements related to Remove Extra Spaces, strong mobile readability, generous spacing, professional SaaS/developer-tool style. Include exactly these main text elements: CODEPACKR.COM, Remove Extra Spaces, Clean unnecessary whitespace and spaces from text, FREE TOOL, Runs in your browser. Do not add hashtags, long paragraphs, fake statistics, fake UI, or unsupported claims. No spelling errors."
76,Sort Lines Alphabetically,https://www.codepackr.com/sort-lines-alphabetically,"Sort Lines Alphabetically: one less developer task to handle manually.

Sort lines of text alphabetically for cleaner data and lists. Codepackr gives you a simple browser-based way to get the job done quickly, without adding another tool to your local setup.

Try it here: https://www.codepackr.com/sort-lines-alphabetically

#Codepackr #Developer #DevTools #TextTools #DataCleaning #SortLinesAlphabetically #Sort #Lines #Alphabetically",Sort Lines Alphabetically: Sort lines of text alphabetically for cleaner data and lists. Try it free: https://www.codepackr.com/sort-lines-alphabetically #Codepackr #Developer #DevTools #TextTools #DataCleaning #SortLinesAlphabetically #Sort #Lines #Alphabetically,264,#Codepackr #Developer #DevTools #TextTools #DataCleaning #SortLinesAlphabetically #Sort #Lines #Alphabetically,"CODEPACKR.COM
Sort Lines Alphabetically
Sort lines of text alphabetically for cleaner data and lists
FREE TOOL
Runs in your browser","Create a square 1:1 social-media promotional graphic for Codepackr.com featuring Sort Lines Alphabetically. Use the attached Codepackr reference images only as branding inspiration, not as a copy. Dark modern developer-tool aesthetic, deep navy/black background, orange/yellow Codepackr accent, white clean typography, subtle visual elements related to Sort Lines Alphabetically, strong mobile readability, generous spacing, professional SaaS/developer-tool style. Include exactly these main text elements: CODEPACKR.COM, Sort Lines Alphabetically, Sort lines of text alphabetically for cleaner data and lists, FREE TOOL, Runs in your browser. Do not add hashtags, long paragraphs, fake statistics, fake UI, or unsupported claims. No spelling errors."
77,Reverse Line Order,https://www.codepackr.com/reverse-line-order,"Reverse Line Order: one less developer task to handle manually.

Reverse the order of lines in text or lists. Codepackr gives you a simple browser-based way to get the job done quickly, without adding another tool to your local setup.

Try it here: https://www.codepackr.com/reverse-line-order

#Codepackr #Developer #DevTools #TextTools #Programming #ReverseLineOrder #Reverse #Line #Order",Reverse Line Order: Reverse the order of lines in text or lists. Try it free: https://www.codepackr.com/reverse-line-order #Codepackr #Developer #DevTools #TextTools #Programming #ReverseLineOrder #Reverse #Line #Order,218,#Codepackr #Developer #DevTools #TextTools #Programming #ReverseLineOrder #Reverse #Line #Order,"CODEPACKR.COM
Reverse Line Order
Reverse the order of lines in text or lists
FREE TOOL
Runs in your browser","Create a square 1:1 social-media promotional graphic for Codepackr.com featuring Reverse Line Order. Use the attached Codepackr reference images only as branding inspiration, not as a copy. Dark modern developer-tool aesthetic, deep navy/black background, orange/yellow Codepackr accent, white clean typography, subtle visual elements related to Reverse Line Order, strong mobile readability, generous spacing, professional SaaS/developer-tool style. Include exactly these main text elements: CODEPACKR.COM, Reverse Line Order, Reverse the order of lines in text or lists, FREE TOOL, Runs in your browser. Do not add hashtags, long paragraphs, fake statistics, fake UI, or unsupported claims. No spelling errors."